id,level,kanji,hiragana,korean,reason,prompt
n5_0002,N5,問題,もんだい,문제,프롬프트 시각화 정밀 개선 (범용 폴백 교체),"iconic visual illustration representing '문제' (問題), cozy aesthetic environment, studio ghibli style, warm color palette, soft volumetric lighting"
n5_0022,N5,英語,えいご,영어,프롬프트 시각화 정밀 개선 (범용 폴백 교체),"iconic visual illustration representing '영어' (英語), cozy aesthetic environment, studio ghibli style, warm color palette, soft volumetric lighting"
n5_0055,N5,分かる,わかる,"알다, 이해하다",프롬프트 시각화 정밀 개선 (범용 폴백 교체),"iconic visual illustration representing '알다, 이해하다' (分かる), cozy aesthetic environment, studio ghibli style, warm color palette, soft volumetric lighting"
n5_0098,N5,番号,ばんごう,번호,프롬프트 시각화 정밀 개선 (범용 폴백 교체),"iconic visual illustration representing '번호' (番号), cozy aesthetic environment, studio ghibli style, warm color palette, soft volumetric lighting"
n5_0119,N5,大学,だいがく,대학교,프롬프트 시각화 정밀 개선 (범용 폴백 교체),"iconic visual illustration representing '대학교' (大学), cozy aesthetic environment, studio ghibli style, warm color palette, soft volumetric lighting"
n5_0145,N5,覚える,おぼえる,"외우다, 기억하다",프롬프트 시각화 정밀 개선 (범용 폴백 교체),"iconic visual illustration representing '외우다, 기억하다' (覚える), cozy aesthetic environment, studio ghibli style, warm color palette, soft volumetric lighting"
n5_0162,N5,言葉,ことば,"말, 단어",프롬프트 시각화 정밀 개선 (범용 폴백 교체),"iconic visual illustration representing '말, 단어' (言葉), cozy aesthetic environment, studio ghibli style, warm color palette, soft volumetric lighting"
n5_0247,N5,忘れる,わすれる,잊다,프롬프트 시각화 정밀 개선 (범용 폴백 교체),"iconic visual illustration representing '잊다' (忘れる), cozy aesthetic environment, studio ghibli style, warm color palette, soft volumetric lighting"
n5_0309,N5,上,うえ,위,프롬프트 시각화 정밀 개선 (범용 폴백 교체),"iconic visual illustration representing '위' (上), cozy aesthetic environment, studio ghibli style, warm color palette, soft volumetric lighting"
n5_0353,N5,入れる,いれる,넣다,프롬프트 시각화 정밀 개선 (범용 폴백 교체),"iconic visual illustration representing '넣다' (入れる), cozy aesthetic environment, studio ghibli style, warm color palette, soft volumetric lighting"
n5_0360,N5,冷たい,つめたい,차갑다,프롬프트 시각화 정밀 개선 (범용 폴백 교체),"delicious fresh food dish (차갑다), cozy dining table setting, steam rising, studio ghibli style, warm color palette, soft volumetric lighting"
n5_0394,N5,宿題,しゅくだい,숙제,프롬프트 시각화 정밀 개선 (범용 폴백 교체),"iconic visual illustration representing '숙제' (宿題), cozy aesthetic environment, studio ghibli style, warm color palette, soft volumetric lighting"
n5_0395,N5,死ぬ,しぬ,죽다,프롬프트 시각화 정밀 개선 (범용 폴백 교체),"delicious fresh food dish (죽다), cozy dining table setting, steam rising, studio ghibli style, warm color palette, soft volumetric lighting"
n5_0424,N5,全部,ぜんぶ,"전부, 모두",프롬프트 시각화 정밀 개선 (범용 폴백 교체),"iconic visual illustration representing '전부, 모두' (全部), cozy aesthetic environment, studio ghibli style, warm color palette, soft volumetric lighting"
n5_0432,N5,やる,やる,하다,프롬프트 시각화 정밀 개선 (범용 폴백 교체),"iconic visual illustration representing '하다' (やる), cozy aesthetic environment, studio ghibli style, warm color palette, soft volumetric lighting"
n5_0433,N5,自動車,じどうしゃ,자동차,프롬프트 시각화 정밀 개선 (범용 폴백 교체),"delicious fresh food dish (자동차), cozy dining table setting, steam rising, studio ghibli style, warm color palette, soft volumetric lighting"
n5_0451,N5,習う,ならう,배우다,프롬프트 시각화 정밀 개선 (범용 폴백 교체),"iconic visual illustration representing '배우다' (習う), cozy aesthetic environment, studio ghibli style, warm color palette, soft volumetric lighting"
n5_0458,N5,八日,ようか,"팔 일, 8일",프롬프트 시각화 정밀 개선 (범용 폴백 교체),"iconic visual illustration representing '팔 일, 8일' (八日), cozy aesthetic environment, studio ghibli style, warm color palette, soft volumetric lighting"
n5_0470,N5,毎日,まいにち,매일,프롬프트 시각화 정밀 개선 (범용 폴백 교체),"iconic visual illustration representing '매일' (毎日), cozy aesthetic environment, studio ghibli style, warm color palette, soft volumetric lighting"
n5_0521,N5,交差点,こうさてん,교차로,프롬프트 시각화 정밀 개선 (범용 폴백 교체),"delicious fresh food dish (교차로), cozy dining table setting, steam rising, studio ghibli style, warm color palette, soft volumetric lighting"
n5_0524,N5,ボールペン,ボールペン,볼펜,프롬프트 시각화 정밀 개선 (범용 폴백 교체),"iconic visual illustration representing '볼펜' (ボールペン), cozy aesthetic environment, studio ghibli style, warm color palette, soft volumetric lighting"
n5_0530,N5,漢字,かんじ,한자,프롬프트 시각화 정밀 개선 (범용 폴백 교체),"iconic visual illustration representing '한자' (漢字), cozy aesthetic environment, studio ghibli style, warm color palette, soft volumetric lighting"
n5_0555,N5,車,くるま,"자동차, 차",프롬프트 시각화 정밀 개선 (범용 폴백 교체),"delicious fresh food dish (자동차, 차), cozy dining table setting, steam rising, studio ghibli style, warm color palette, soft volumetric lighting"
n5_0567,N5,伯父 / 叔父,おじいさん,"삼촌, 숙부",읽기 정정 (おじいさん → おじ),"middle-aged uncle standing in sunlit school classroom near blackboard, wooden desk, smiling, studio ghibli style, warm color palette, soft volumetric lighting, watercolor background"
n5_0628,N5,まだ,まだ,아직,프롬프트 시각화 정밀 개선 (범용 폴백 교체),"iconic visual illustration representing '아직' (まだ), cozy aesthetic environment, studio ghibli style, warm color palette, soft volumetric lighting"
n5_0641,N5,留学生,りゅうがくせい,유학생,프롬프트 시각화 정밀 개선 (범용 폴백 교체),"iconic visual illustration representing '유학생' (留学生), cozy aesthetic environment, studio ghibli style, warm color palette, soft volumetric lighting"
n4_153,N4,写す,うつす,찍다,프롬프트 시각화 정밀 개선 (범용 폴백 교체),"iconic visual illustration representing '찍다' (写す), cozy aesthetic environment, studio ghibli style, warm color palette, soft volumetric lighting"
n4_157,N4,裏,うら,뒷면,프롬프트 시각화 정밀 개선 (범용 폴백 교체),"iconic visual illustration representing '뒷면' (裏), cozy aesthetic environment, studio ghibli style, warm color palette, soft volumetric lighting"
n4_181,N4,押し入れ,おしいれ,옷장,프롬프트 시각화 정밀 개선 (범용 폴백 교체),"neatly arranged clothing item (옷장), wardrobe closet setting, studio ghibli style, warm color palette, soft volumetric lighting"
n4_199,N4,表,おもて,표면,프롬프트 시각화 정밀 개선 (범용 폴백 교체),"iconic visual illustration representing '표면' (表), cozy aesthetic environment, studio ghibli style, warm color palette, soft volumetric lighting"
n4_213,N4,科学,かがく,과학,프롬프트 시각화 정밀 개선 (범용 폴백 교체),"iconic visual illustration representing '과학' (科学), cozy aesthetic environment, studio ghibli style, warm color palette, soft volumetric lighting"
n4_254,N4,規則,きそく,규칙,프롬프트 시각화 정밀 개선 (범용 폴백 교체),"iconic visual illustration representing '규칙' (規則), cozy aesthetic environment, studio ghibli style, warm color palette, soft volumetric lighting"
n4_263,N4,着物,きもの,일본 옷,프롬프트 시각화 정밀 개선 (범용 폴백 교체),"neatly arranged clothing item (일본 옷), wardrobe closet setting, studio ghibli style, warm color palette, soft volumetric lighting"
n4_286,N4,経済,けいざい,경제,프롬프트 시각화 정밀 개선 (범용 폴백 교체),"iconic visual illustration representing '경제' (経済), cozy aesthetic environment, studio ghibli style, warm color palette, soft volumetric lighting"
n4_291,N4,消しゴム,けしごむ,지우개,프롬프트 시각화 정밀 개선 (범용 폴백 교체),"iconic visual illustration representing '지우개' (消しゴム), cozy aesthetic environment, studio ghibli style, warm color palette, soft volumetric lighting"
n4_349,N4,さ来週,さらいしゅう,다음주,프롬프트 시각화 정밀 개선 (범용 폴백 교체),"iconic visual illustration representing '다음주' (さ来週), cozy aesthetic environment, studio ghibli style, warm color palette, soft volumetric lighting"
n4_424,N4,済む,すむ,끝나다,프롬프트 시각화 정밀 개선 (범용 폴백 교체),"iconic visual illustration representing '끝나다' (済む), cozy aesthetic environment, studio ghibli style, warm color palette, soft volumetric lighting"
n4_460,N4,大分,だいぶ,상당히,프롬프트 시각화 정밀 개선 (범용 폴백 교체),"iconic visual illustration representing '상당히' (大分), cozy aesthetic environment, studio ghibli style, warm color palette, soft volumetric lighting"
n4_499,N4,続ける,つづける,계속하다,프롬프트 시각화 정밀 개선 (범용 폴백 교체),"iconic visual illustration representing '계속하다' (続ける), cozy aesthetic environment, studio ghibli style, warm color palette, soft volumetric lighting"
n4_506,N4,テキスト,テキスト,텍스트,프롬프트 시각화 정밀 개선 (범용 폴백 교체),"iconic visual illustration representing '텍스트' (テキスト), cozy aesthetic environment, studio ghibli style, warm color palette, soft volumetric lighting"
n4_535,N4,どんどん,どんどん,점점,프롬프트 시각화 정밀 개선 (범용 폴백 교체),"iconic visual illustration representing '점점' (どんどん), cozy aesthetic environment, studio ghibli style, warm color palette, soft volumetric lighting"
n4_542,N4,亡くなる,なくなる,죽다,프롬프트 시각화 정밀 개선 (범용 폴백 교체),"delicious fresh food dish (죽다), cozy dining table setting, steam rising, studio ghibli style, warm color palette, soft volumetric lighting"
n4_555,N4,入学する,にゅうがくする,입학하다,프롬프트 시각화 정밀 개선 (범용 폴백 교체),"iconic visual illustration representing '입학하다' (入学する), cozy aesthetic environment, studio ghibli style, warm color palette, soft volumetric lighting"
n4_578,N4,始める,はじめる,시작하다,프롬프트 시각화 정밀 개선 (범용 폴백 교체),"iconic visual illustration representing '시작하다' (始める), cozy aesthetic environment, studio ghibli style, warm color palette, soft volumetric lighting"
n4_597,N4,引き出し,ひきだし,서랍,프롬프트 시각화 정밀 개선 (범용 폴백 교체),"iconic visual illustration representing '서랍' (引き出し), cozy aesthetic environment, studio ghibli style, warm color palette, soft volumetric lighting"
n4_606,N4,必要,ひつよう,필요,프롬프트 시각화 정밀 개선 (범용 폴백 교체),"iconic visual illustration representing '필요' (必要), cozy aesthetic environment, studio ghibli style, warm color palette, soft volumetric lighting"
n4_617,N4,復習,ふくしゅう,복습,프롬프트 시각화 정밀 개선 (범용 폴백 교체),"iconic visual illustration representing '복습' (復習), cozy aesthetic environment, studio ghibli style, warm color palette, soft volumetric lighting"
n4_631,N4,別,べつ,차이,프롬프트 시각화 정밀 개선 (범용 폴백 교체),"delicious fresh food dish (차이), cozy dining table setting, steam rising, studio ghibli style, warm color palette, soft volumetric lighting"
n4_643,N4,翻訳,ほんやく,번역,프롬프트 시각화 정밀 개선 (범용 폴백 교체),"iconic visual illustration representing '번역' (翻訳), cozy aesthetic environment, studio ghibli style, warm color palette, soft volumetric lighting"
n4_646,N4,まじめ,まじめ,진심,프롬프트 시각화 정밀 개선 (범용 폴백 교체),"iconic visual illustration representing '진심' (まじめ), cozy aesthetic environment, studio ghibli style, warm color palette, soft volumetric lighting"
n4_681,N4,役に立つ,やくにたつ,도움이 되다,프롬프트 시각화 정밀 개선 (범용 폴백 교체),"iconic visual illustration representing '도움이 되다' (役に立つ), cozy aesthetic environment, studio ghibli style, warm color palette, soft volumetric lighting"
n4_701,N4,予習,よしゅう,예습,프롬프트 시각화 정밀 개선 (범용 폴백 교체),"iconic visual illustration representing '예습' (予習), cozy aesthetic environment, studio ghibli style, warm color palette, soft volumetric lighting"
n4_714,N4,レポート,レポート,보고서,프롬프트 시각화 정밀 개선 (범용 폴백 교체),"iconic visual illustration representing '보고서' (レポート), cozy aesthetic environment, studio ghibli style, warm color palette, soft volumetric lighting"
n3_0031,N3,違い,ちがい,"차이, 다름",프롬프트 시각화 정밀 개선 (범용 폴백 교체),"delicious fresh food dish (차이, 다름), cozy dining table setting, steam rising, studio ghibli style, warm color palette, soft volumetric lighting"
n3_0044,N3,カー,カー,"카, 차(주로 복합어에 사용)",프롬프트 시각화 정밀 개선 (범용 폴백 교체),"delicious fresh food dish (카, 차(주로 복합어에 사용)), cozy dining table setting, steam rising, studio ghibli style, warm color palette, soft volumetric lighting"
n3_0095,N3,生地,きじ,"원단, 옷감",프롬프트 시각화 정밀 개선 (범용 폴백 교체),"neatly arranged clothing item (원단, 옷감), wardrobe closet setting, studio ghibli style, warm color palette, soft volumetric lighting"
n3_0102,N3,値,ね,"값, 가격",한자/뜻 정정 (ね → 値),"iconic visual illustration representing '값, 가격' (ね), cozy aesthetic environment, studio ghibli style, warm color palette, soft volumetric lighting"
n3_0127,N3,占める,しめる,차지하다,프롬프트 시각화 정밀 개선 (범용 폴백 교체),"delicious fresh food dish (차지하다), cozy dining table setting, steam rising, studio ghibli style, warm color palette, soft volumetric lighting"
n3_0187,N3,カード,カード,카드,프롬프트 시각화 정밀 개선 (범용 폴백 교체),"iconic visual illustration representing '카드' (カード), cozy aesthetic environment, studio ghibli style, warm color palette, soft volumetric lighting"
n3_0207,N3,語学,ごがく,어학,프롬프트 시각화 정밀 개선 (범용 폴백 교체),"iconic visual illustration representing '어학' (語学), cozy aesthetic environment, studio ghibli style, warm color palette, soft volumetric lighting"
n3_0212,N3,教師,きょうし,교사,프롬프트 시각화 정밀 개선 (범용 폴백 교체),"iconic visual illustration representing '교사' (教師), cozy aesthetic environment, studio ghibli style, warm color palette, soft volumetric lighting"
n3_0226,N3,再び,ふたたび,"다시, 재차",프롬프트 시각화 정밀 개선 (범용 폴백 교체),"delicious fresh food dish (다시, 재차), cozy dining table setting, steam rising, studio ghibli style, warm color palette, soft volumetric lighting"
n3_0309,N3,済ませる,すませる,"끝내다, 마치다",프롬프트 시각화 정밀 개선 (범용 폴백 교체),"iconic visual illustration representing '끝내다, 마치다' (済ませる), cozy aesthetic environment, studio ghibli style, warm color palette, soft volumetric lighting"
n3_0349,N3,学習,がくしゅう,학습,프롬프트 시각화 정밀 개선 (범용 폴백 교체),"iconic visual illustration representing '학습' (学習), cozy aesthetic environment, studio ghibli style, warm color palette, soft volumetric lighting"
n3_0351,N3,暖かい,あたたか,따뜻하다,프롬프트 시각화 정밀 개선 (범용 폴백 교체),"iconic visual illustration representing '따뜻하다' (暖かい), cozy aesthetic environment, studio ghibli style, warm color palette, soft volumetric lighting"
n3_0510,N3,可能,かのう,가능한,프롬프트 시각화 정밀 개선 (범용 폴백 교체),"iconic visual illustration representing '가능한' (可能), cozy aesthetic environment, studio ghibli style, warm color palette, soft volumetric lighting"
n3_0535,N3,バン,バン,"밴, 승합차",프롬프트 시각화 정밀 개선 (범용 폴백 교체),"delicious fresh food dish (밴, 승합차), cozy dining table setting, steam rising, studio ghibli style, warm color palette, soft volumetric lighting"
n3_0540,N3,皮,かわ,"가죽, 껍질",프롬프트 시각화 정밀 개선 (범용 폴백 교체),"delicious fresh food dish (가죽, 껍질), cozy dining table setting, steam rising, studio ghibli style, warm color palette, soft volumetric lighting"
n3_0542,N3,ノー,のー,"노, 아니오(거절)",프롬프트 시각화 정밀 개선 (범용 폴백 교체),"iconic visual illustration representing '노, 아니오(거절)' (ノー), cozy aesthetic environment, studio ghibli style, warm color palette, soft volumetric lighting"
n3_0579,N3,詩人,しじん,시인,프롬프트 시각화 정밀 개선 (범용 폴백 교체),"iconic visual illustration representing '시인' (詩人), cozy aesthetic environment, studio ghibli style, warm color palette, soft volumetric lighting"
n3_0684,N3,できる,できる,"할 수 있다, 생기다",프롬프트 시각화 정밀 개선 (범용 폴백 교체),"iconic visual illustration representing '할 수 있다, 생기다' (できる), cozy aesthetic environment, studio ghibli style, warm color palette, soft volumetric lighting"
n3_0707,N3,うん,うん,"응, 어",프롬프트 시각화 정밀 개선 (범용 폴백 교체),"iconic visual illustration representing '응, 어' (うん), cozy aesthetic environment, studio ghibli style, warm color palette, soft volumetric lighting"
n3_0714,N3,差,さ,차이,프롬프트 시각화 정밀 개선 (범용 폴백 교체),"delicious fresh food dish (차이), cozy dining table setting, steam rising, studio ghibli style, warm color palette, soft volumetric lighting"
n3_0717,N3,課,か,"과, 단원",프롬프트 시각화 정밀 개선 (범용 폴백 교체),"iconic visual illustration representing '과, 단원' (課), cozy aesthetic environment, studio ghibli style, warm color palette, soft volumetric lighting"
n3_0744,N3,姉妹,しまい,자매,한자/뜻 정정 (しまい → 姉妹),"iconic visual illustration representing '자매' (しまい), cozy aesthetic environment, studio ghibli style, warm color palette, soft volumetric lighting"
n3_0828,N3,褒める,ほめる,칭찬하다,프롬프트 시각화 정밀 개선 (범용 폴백 교체),"iconic visual illustration representing '칭찬하다' (褒める), cozy aesthetic environment, studio ghibli style, warm color palette, soft volumetric lighting"
n3_0841,N3,優れる,すぐれる,뛰어나다,프롬프트 시각화 정밀 개선 (범용 폴백 교체),"iconic visual illustration representing '뛰어나다' (優れる), cozy aesthetic environment, studio ghibli style, warm color palette, soft volumetric lighting"
n3_0853,N3,支出,ししゅつ,지출,프롬프트 시각화 정밀 개선 (범용 폴백 교체),"iconic visual illustration representing '지출' (支出), cozy aesthetic environment, studio ghibli style, warm color palette, soft volumetric lighting"
n3_0933,N3,参考,さんこう,참고,프롬프트 시각화 정밀 개선 (범용 폴백 교체),"iconic visual illustration representing '참고' (参考), cozy aesthetic environment, studio ghibli style, warm color palette, soft volumetric lighting"
n3_0997,N3,ちゃんと,ちゃんと,"제대로, 확실히",프롬프트 시각화 정밀 개선 (범용 폴백 교체),"iconic visual illustration representing '제대로, 확실히' (ちゃんと), cozy aesthetic environment, studio ghibli style, warm color palette, soft volumetric lighting"
n3_1004,N3,よろしく,よろしく,잘 부탁합니다,프롬프트 시각화 정밀 개선 (범용 폴백 교체),"iconic visual illustration representing '잘 부탁합니다' (よろしく), cozy aesthetic environment, studio ghibli style, warm color palette, soft volumetric lighting"
n3_1037,N3,読み,よみ,"읽기, 읽는 법",프롬프트 시각화 정밀 개선 (범용 폴백 교체),"iconic visual illustration representing '읽기, 읽는 법' (読み), cozy aesthetic environment, studio ghibli style, warm color palette, soft volumetric lighting"
n3_1079,N3,とん,とん,톤,프롬프트 시각화 정밀 개선 (범용 폴백 교체),"iconic visual illustration representing '톤' (とん), cozy aesthetic environment, studio ghibli style, warm color palette, soft volumetric lighting"
n3_1104,N3,順番,じゅんばん,"순서, 차례",프롬프트 시각화 정밀 개선 (범용 폴백 교체),"delicious fresh food dish (순서, 차례), cozy dining table setting, steam rising, studio ghibli style, warm color palette, soft volumetric lighting"
n3_1106,N3,穏やか,おだやか,"온화하다, 차분하다",프롬프트 시각화 정밀 개선 (범용 폴백 교체),"delicious fresh food dish (온화하다, 차분하다), cozy dining table setting, steam rising, studio ghibli style, warm color palette, soft volumetric lighting"
n3_1122,N3,駐車,ちゅうしゃ,주차,프롬프트 시각화 정밀 개선 (범용 폴백 교체),"delicious fresh food dish (주차), cozy dining table setting, steam rising, studio ghibli style, warm color palette, soft volumetric lighting"
n3_1136,N3,なかなか,なかなか,"꽤, 좀처럼",프롬프트 시각화 정밀 개선 (범용 폴백 교체),"iconic visual illustration representing '꽤, 좀처럼' (なかなか), cozy aesthetic environment, studio ghibli style, warm color palette, soft volumetric lighting"
n3_1221,N3,それ,それ,그것,프롬프트 시각화 정밀 개선 (범용 폴백 교체),"iconic visual illustration representing '그것' (それ), cozy aesthetic environment, studio ghibli style, warm color palette, soft volumetric lighting"
n3_1236,N3,詩,し,시(詩),프롬프트 시각화 정밀 개선 (범용 폴백 교체),"iconic visual illustration representing '시(詩)' (詩), cozy aesthetic environment, studio ghibli style, warm color palette, soft volumetric lighting"
n3_1246,N3,夕べ,ゆうべ,"어젯밤, 어제 저녁",프롬프트 시각화 정밀 개선 (범용 폴백 교체),"iconic visual illustration representing '어젯밤, 어제 저녁' (夕べ), cozy aesthetic environment, studio ghibli style, warm color palette, soft volumetric lighting"
n3_1272,N3,しまう,しまう,"넣다, 치우다, (~해) 버리다",프롬프트 시각화 정밀 개선 (범용 폴백 교체),"iconic visual illustration representing '넣다, 치우다, (~해) 버리다' (しまう), cozy aesthetic environment, studio ghibli style, warm color palette, soft volumetric lighting"
n3_1293,N3,轢く,ひく,(차로) 치다,프롬프트 시각화 정밀 개선 (범용 폴백 교체),"delicious fresh food dish ((차로) 치다), cozy dining table setting, steam rising, studio ghibli style, warm color palette, soft volumetric lighting"
n3_1299,N3,与える,あたえる,주다,프롬프트 시각화 정밀 개선 (범용 폴백 교체),"iconic visual illustration representing '주다' (与える), cozy aesthetic environment, studio ghibli style, warm color palette, soft volumetric lighting"
n3_1305,N3,はあ,はあ,하아 (감탄사),프롬프트 시각화 정밀 개선 (범용 폴백 교체),"iconic visual illustration representing '하아 (감탄사)' (はあ), cozy aesthetic environment, studio ghibli style, warm color palette, soft volumetric lighting"
n3_1316,N3,水準,すいじゅん,수준,프롬프트 시각화 정밀 개선 (범용 폴백 교체),"iconic visual illustration representing '수준' (水準), cozy aesthetic environment, studio ghibli style, warm color palette, soft volumetric lighting"
n3_1330,N3,寧ろ,むしろ,"오히려, 차라리",프롬프트 시각화 정밀 개선 (범용 폴백 교체),"delicious fresh food dish (오히려, 차라리), cozy dining table setting, steam rising, studio ghibli style, warm color palette, soft volumetric lighting"
n3_1340,N3,科目,かもく,과목,프롬프트 시각화 정밀 개선 (범용 폴백 교체),"iconic visual illustration representing '과목' (科目), cozy aesthetic environment, studio ghibli style, warm color palette, soft volumetric lighting"
n3_1363,N3,飛ばす,とばす,"건너뛰다, 날리다",프롬프트 시각화 정밀 개선 (범용 폴백 교체),"iconic visual illustration representing '건너뛰다, 날리다' (飛ばす), cozy aesthetic environment, studio ghibli style, warm color palette, soft volumetric lighting"
n3_1381,N3,ふと,ふと,"문득, 갑자기",프롬프트 시각화 정밀 개선 (범용 폴백 교체),"iconic visual illustration representing '문득, 갑자기' (ふと), cozy aesthetic environment, studio ghibli style, warm color palette, soft volumetric lighting"
n3_1389,N3,番,ばん,"번, 차례",프롬프트 시각화 정밀 개선 (범용 폴백 교체),"delicious fresh food dish (번, 차례), cozy dining table setting, steam rising, studio ghibli style, warm color palette, soft volumetric lighting"
n3_1398,N3,考慮,こうりょ,고려,프롬프트 시각화 정밀 개선 (범용 폴백 교체),"iconic visual illustration representing '고려' (考慮), cozy aesthetic environment, studio ghibli style, warm color palette, soft volumetric lighting"
n3_1417,N3,単語,たんご,단어,프롬프트 시각화 정밀 개선 (범용 폴백 교체),"iconic visual illustration representing '단어' (単語), cozy aesthetic environment, studio ghibli style, warm color palette, soft volumetric lighting"
n3_1497,N3,提出,ていしゅつ,제출,프롬프트 시각화 정밀 개선 (범용 폴백 교체),"iconic visual illustration representing '제출' (提出), cozy aesthetic environment, studio ghibli style, warm color palette, soft volumetric lighting"
n3_1524,N3,真面目,まじめ,"성실한, 진지한",프롬프트 시각화 정밀 개선 (범용 폴백 교체),"iconic visual illustration representing '성실한, 진지한' (真面目), cozy aesthetic environment, studio ghibli style, warm color palette, soft volumetric lighting"
n3_1537,N3,はい,はい,"네, 예 (대답할 때 쓰는 말)",영문/뜻 정정 (はい / sword → yes),"iconic visual illustration representing '네, 예 (대답할 때 쓰는 말)' (はい), cozy aesthetic environment, studio ghibli style, warm color palette, soft volumetric lighting"
n3_1590,N3,大部分,だいぶぶん,대부분,프롬프트 시각화 정밀 개선 (범용 폴백 교체),"iconic visual illustration representing '대부분' (大部分), cozy aesthetic environment, studio ghibli style, warm color palette, soft volumetric lighting"
n3_1622,N3,満ちる,みちる,가득 차다,프롬프트 시각화 정밀 개선 (범용 폴백 교체),"delicious fresh food dish (가득 차다), cozy dining table setting, steam rising, studio ghibli style, warm color palette, soft volumetric lighting"
n3_1633,N3,暗記,あんき,암기,프롬프트 시각화 정밀 개선 (범용 폴백 교체),"iconic visual illustration representing '암기' (暗記), cozy aesthetic environment, studio ghibli style, warm color palette, soft volumetric lighting"
n3_1691,N3,すみません,すみません,"죄송합니다, 실례합니다",프롬프트 시각화 정밀 개선 (범용 폴백 교체),"iconic visual illustration representing '죄송합니다, 실례합니다' (すみません), cozy aesthetic environment, studio ghibli style, warm color palette, soft volumetric lighting"
n3_1695,N3,殺す,ころす,죽이다,프롬프트 시각화 정밀 개선 (범용 폴백 교체),"delicious fresh food dish (죽이다), cozy dining table setting, steam rising, studio ghibli style, warm color palette, soft volumetric lighting"
n3_1756,N3,童,どう,"아이, 동자(어린아이를 뜻하는 말)",한자/뜻 정정 (どう → 童),"iconic visual illustration representing '아이, 동자(어린아이를 뜻하는 말)' (どう), cozy aesthetic environment, studio ghibli style, warm color palette, soft volumetric lighting"
n3_1759,N3,省く,はぶく,"생략하다, 줄이다",프롬프트 시각화 정밀 개선 (범용 폴백 교체),"iconic visual illustration representing '생략하다, 줄이다' (省く), cozy aesthetic environment, studio ghibli style, warm color palette, soft volumetric lighting"
n3_1779,N3,一人一人,ひとりひとり,"한 사람 한 사람, 각자",프롬프트 시각화 정밀 개선 (범용 폴백 교체),"iconic visual illustration representing '한 사람 한 사람, 각자' (一人一人), cozy aesthetic environment, studio ghibli style, warm color palette, soft volumetric lighting"
n3_1796,N3,発車,はっしゃ,"발차, 출발",프롬프트 시각화 정밀 개선 (범용 폴백 교체),"delicious fresh food dish (발차, 출발), cozy dining table setting, steam rising, studio ghibli style, warm color palette, soft volumetric lighting"
n2_0034,N2,芯,しん,심 (core),프롬프트 시각화 정밀 개선 (범용 폴백 교체),"iconic visual illustration representing '심 (core)' (芯), cozy aesthetic environment, studio ghibli style, warm color palette, soft volumetric lighting"
n2_0063,N2,女の人,おんなのひと,"여자, 여성",프롬프트 시각화 정밀 개선 (범용 폴백 교체),"iconic visual illustration representing '여자, 여성' (女の人), cozy aesthetic environment, studio ghibli style, warm color palette, soft volumetric lighting"
n2_0166,N2,英和,えいわ,영일(영어-일본어),프롬프트 시각화 정밀 개선 (범용 폴백 교체),"iconic visual illustration representing '영일(영어-일본어)' (英和), cozy aesthetic environment, studio ghibli style, warm color palette, soft volumetric lighting"
n2_0186,N2,交差,こうさ,교차,프롬프트 시각화 정밀 개선 (범용 폴백 교체),"delicious fresh food dish (교차), cozy dining table setting, steam rising, studio ghibli style, warm color palette, soft volumetric lighting"
n2_0230,N2,文体,ぶんたい,문체,프롬프트 시각화 정밀 개선 (범용 폴백 교체),"iconic visual illustration representing '문체' (文体), cozy aesthetic environment, studio ghibli style, warm color palette, soft volumetric lighting"
n2_0233,N2,和英,わえい,일영(일본어-영어),프롬프트 시각화 정밀 개선 (범용 폴백 교체),"iconic visual illustration representing '일영(일본어-영어)' (和英), cozy aesthetic environment, studio ghibli style, warm color palette, soft volumetric lighting"
n2_0255,N2,振り仮名,ふりがな,후리가나(한자 읽는 법 표기),프롬프트 시각화 정밀 개선 (범용 폴백 교체),"iconic visual illustration representing '후리가나(한자 읽는 법 표기)' (振り仮名), cozy aesthetic environment, studio ghibli style, warm color palette, soft volumetric lighting"
n2_0256,N2,順々,じゅんじゅん,"차례차례, 순서대로",프롬프트 시각화 정밀 개선 (범용 폴백 교체),"delicious fresh food dish (차례차례, 순서대로), cozy dining table setting, steam rising, studio ghibli style, warm color palette, soft volumetric lighting"
n2_0262,N2,学部,がくぶ,학부,프롬프트 시각화 정밀 개선 (범용 폴백 교체),"iconic visual illustration representing '학부' (学部), cozy aesthetic environment, studio ghibli style, warm color palette, soft volumetric lighting"
n2_0268,N2,回数券,かいすうけん,회수권(정액 승차권),프롬프트 시각화 정밀 개선 (범용 폴백 교체),"delicious fresh food dish (회수권(정액 승차권)), cozy dining table setting, steam rising, studio ghibli style, warm color palette, soft volumetric lighting"
n2_0301,N2,生き生き,いきいき,"생기 있게, 활기차게",프롬프트 시각화 정밀 개선 (범용 폴백 교체),"delicious fresh food dish (생기 있게, 활기차게), cozy dining table setting, steam rising, studio ghibli style, warm color palette, soft volumetric lighting"
n2_0347,N2,差し引き,さしひき,"차감, 차액",프롬프트 시각화 정밀 개선 (범용 폴백 교체),"delicious fresh food dish (차감, 차액), cozy dining table setting, steam rising, studio ghibli style, warm color palette, soft volumetric lighting"
n2_0402,N2,四捨五入,ししゃごにゅう,반올림,프롬프트 시각화 정밀 개선 (범용 폴백 교체),"iconic visual illustration representing '반올림' (四捨五入), cozy aesthetic environment, studio ghibli style, warm color palette, soft volumetric lighting"
n2_0431,N2,ミリ,みり,밀리(미터),프롬프트 시각화 정밀 개선 (범용 폴백 교체),"iconic visual illustration representing '밀리(미터)' (ミリ), cozy aesthetic environment, studio ghibli style, warm color palette, soft volumetric lighting"
n2_0457,N2,どうせ,どうせ,어차피,프롬프트 시각화 정밀 개선 (범용 폴백 교체),"delicious fresh food dish (어차피), cozy dining table setting, steam rising, studio ghibli style, warm color palette, soft volumetric lighting"
n2_0532,N2,自習,じしゅう,자습,프롬프트 시각화 정밀 개선 (범용 폴백 교체),"iconic visual illustration representing '자습' (自習), cozy aesthetic environment, studio ghibli style, warm color palette, soft volumetric lighting"
n2_0566,N2,採点,さいてん,채점,프롬프트 시각화 정밀 개선 (범용 폴백 교체),"iconic visual illustration representing '채점' (採点), cozy aesthetic environment, studio ghibli style, warm color palette, soft volumetric lighting"
n2_0574,N2,代名詞,だいめいし,대명사,프롬프트 시각화 정밀 개선 (범용 폴백 교체),"iconic visual illustration representing '대명사' (代名詞), cozy aesthetic environment, studio ghibli style, warm color palette, soft volumetric lighting"
n2_0635,N2,目次,もくじ,목차,프롬프트 시각화 정밀 개선 (범용 폴백 교체),"delicious fresh food dish (목차), cozy dining table setting, steam rising, studio ghibli style, warm color palette, soft volumetric lighting"
n2_0667,N2,車輪,しゃりん,차바퀴,프롬프트 시각화 정밀 개선 (범용 폴백 교체),"delicious fresh food dish (차바퀴), cozy dining table setting, steam rising, studio ghibli style, warm color palette, soft volumetric lighting"
n2_0671,N2,書取,かきとり,받아쓰기,프롬프트 시각화 정밀 개선 (범용 폴백 교체),"iconic visual illustration representing '받아쓰기' (書取), cozy aesthetic environment, studio ghibli style, warm color palette, soft volumetric lighting"
n2_0686,N2,随筆,ずいひつ,수필,프롬프트 시각화 정밀 개선 (범용 폴백 교체),"iconic visual illustration representing '수필' (随筆), cozy aesthetic environment, studio ghibli style, warm color palette, soft volumetric lighting"
n2_0692,N2,清書,せいしょ,"정서, 깨끗하게 옮겨 씀",프롬프트 시각화 정밀 개선 (범용 폴백 교체),"iconic visual illustration representing '정서, 깨끗하게 옮겨 씀' (清書), cozy aesthetic environment, studio ghibli style, warm color palette, soft volumetric lighting"
n2_0706,N2,更ける,ふける,(밤이) 깊어지다,프롬프트 시각화 정밀 개선 (범용 폴백 교체),"iconic visual illustration representing '(밤이) 깊어지다' (更ける), cozy aesthetic environment, studio ghibli style, warm color palette, soft volumetric lighting"
n2_0710,N2,相違,そうい,"차이, 다름",프롬프트 시각화 정밀 개선 (범용 폴백 교체),"delicious fresh food dish (차이, 다름), cozy dining table setting, steam rising, studio ghibli style, warm color palette, soft volumetric lighting"
n2_0738,N2,だいいち,だいいち,"첫째로, 무엇보다",프롬프트 시각화 정밀 개선 (범용 폴백 교체),"iconic visual illustration representing '첫째로, 무엇보다' (だいいち), cozy aesthetic environment, studio ghibli style, warm color palette, soft volumetric lighting"
n2_0779,N2,率直,そっちょく,솔직,한자 오타 정정 (卒直 → 率直),"candid young speaker standing before audience, open posture, warm lighting, sincere earnest smile, Ghibli illustration"
n2_0848,N2,さっさと,さっさと,"재빨리, 서둘러",프롬프트 시각화 정밀 개선 (범용 폴백 교체),"iconic visual illustration representing '재빨리, 서둘러' (さっさと), cozy aesthetic environment, studio ghibli style, warm color palette, soft volumetric lighting"
n2_0888,N2,あげる,あげる,(다른 사람에게) 해 주다,프롬프트 시각화 정밀 개선 (범용 폴백 교체),"iconic visual illustration representing '(다른 사람에게) 해 주다' (あげる (=やる)), cozy aesthetic environment, studio ghibli style, warm color palette, soft volumetric lighting"
n2_0933,N2,送り仮名,おくりがな,오쿠리가나(한자 뒤에 붙는 가나),프롬프트 시각화 정밀 개선 (범용 폴백 교체),"iconic visual illustration representing '오쿠리가나(한자 뒤에 붙는 가나)' (送り仮名), cozy aesthetic environment, studio ghibli style, warm color palette, soft volumetric lighting"
n2_0958,N2,先々月,せんせんげつ,지지난 달,프롬프트 시각화 정밀 개선 (범용 폴백 교체),"iconic visual illustration representing '지지난 달' (先々月), cozy aesthetic environment, studio ghibli style, warm color palette, soft volumetric lighting"
n2_0962,N2,小数,しょうすう,소수 (소수점),프롬프트 시각화 정밀 개선 (범용 폴백 교체),"iconic visual illustration representing '소수 (소수점)' (小数), cozy aesthetic environment, studio ghibli style, warm color palette, soft volumetric lighting"
n2_0973,N2,下線,かせん,밑줄,프롬프트 시각화 정밀 개선 (범용 폴백 교체),"iconic visual illustration representing '밑줄' (下線), cozy aesthetic environment, studio ghibli style, warm color palette, soft volumetric lighting"
n2_0975,N2,基礎,きそ,기초,프롬프트 시각화 정밀 개선 (범용 폴백 교체),"iconic visual illustration representing '기초' (基礎), cozy aesthetic environment, studio ghibli style, warm color palette, soft volumetric lighting"
n2_0992,N2,冷やす,ひやす,"식히다, 차게 하다",프롬프트 시각화 정밀 개선 (범용 폴백 교체),"delicious fresh food dish (식히다, 차게 하다), cozy dining table setting, steam rising, studio ghibli style, warm color palette, soft volumetric lighting"
n2_1007,N2,手帳,てちょう,수첩,프롬프트 시각화 정밀 개선 (범용 폴백 교체),"iconic visual illustration representing '수첩' (手帳), cozy aesthetic environment, studio ghibli style, warm color palette, soft volumetric lighting"
n2_1051,N2,学科,がっか,학과,프롬프트 시각화 정밀 개선 (범용 폴백 교체),"iconic visual illustration representing '학과' (学科), cozy aesthetic environment, studio ghibli style, warm color palette, soft volumetric lighting"
n2_1069,N2,直径,ちょっけい,직경,프롬프트 시각화 정밀 개선 (범용 폴백 교체),"iconic visual illustration representing '직경' (直径), cozy aesthetic environment, studio ghibli style, warm color palette, soft volumetric lighting"
n2_1084,N2,力強い,ちからづよい,"힘차다, 든든하다",프롬프트 시각화 정밀 개선 (범용 폴백 교체),"delicious fresh food dish (힘차다, 든든하다), cozy dining table setting, steam rising, studio ghibli style, warm color palette, soft volumetric lighting"
n2_1129,N2,もたれる,もたれる,"기대다, (음식이) 체하다",프롬프트 시각화 정밀 개선 (범용 폴백 교체),"delicious fresh food dish (기대다, (음식이) 체하다), cozy dining table setting, steam rising, studio ghibli style, warm color palette, soft volumetric lighting"
n2_1153,N2,寝間着,ねまき,잠옷,프롬프트 시각화 정밀 개선 (범용 폴백 교체),"neatly arranged clothing item (잠옷), wardrobe closet setting, studio ghibli style, warm color palette, soft volumetric lighting"
n2_1167,N2,あくび,あくび,하품,프롬프트 시각화 정밀 개선 (범용 폴백 교체),"iconic visual illustration representing '하품' (あくび), cozy aesthetic environment, studio ghibli style, warm color palette, soft volumetric lighting"
n2_1174,N2,アクセント,アクセント,"악센트, 억양",프롬프트 시각화 정밀 개선 (범용 폴백 교체),"iconic visual illustration representing '악센트, 억양' (アクセント), cozy aesthetic environment, studio ghibli style, warm color palette, soft volumetric lighting"
n2_1204,N2,調整,ちょうせい,조정,프롬프트 시각화 정밀 개선 (범용 폴백 교체),"iconic visual illustration representing '조정' (調整), cozy aesthetic environment, studio ghibli style, warm color palette, soft volumetric lighting"
n2_1209,N2,公表,こうひょう,공표,프롬프트 시각화 정밀 개선 (범용 폴백 교체),"iconic visual illustration representing '공표' (公表), cozy aesthetic environment, studio ghibli style, warm color palette, soft volumetric lighting"
n2_1245,N2,初級,しょきゅう,초급,프롬프트 시각화 정밀 개선 (범용 폴백 교체),"iconic visual illustration representing '초급' (初級), cozy aesthetic environment, studio ghibli style, warm color palette, soft volumetric lighting"
n2_1249,N2,対立,たいりつ,대립,유니코드 정정 (Ͼ立 → 対立),"two stubborn friends staring at each other with arms crossed, rain outside window, tense but cute childish argument, cozy cabin room, warm lighting, reconciliation soon, Ghibli vibe"
n2_1277,N2,じゅうたん,じゅうたん,"카펫, 양탄자",프롬프트 시각화 정밀 개선 (범용 폴백 교체),"iconic visual illustration representing '카펫, 양탄자' (じゅうたん), cozy aesthetic environment, studio ghibli style, warm color palette, soft volumetric lighting"
n2_1304,N2,深夜,しんや,"심야, 한밤중",프롬프트 시각화 정밀 개선 (범용 폴백 교체),"iconic visual illustration representing '심야, 한밤중' (深夜), cozy aesthetic environment, studio ghibli style, warm color palette, soft volumetric lighting"
n2_1364,N2,水曜,すいよう,수요일,프롬프트 시각화 정밀 개선 (범용 폴백 교체),"iconic visual illustration representing '수요일' (水曜), cozy aesthetic environment, studio ghibli style, warm color palette, soft volumetric lighting"
n2_1402,N2,重点,じゅうてん,중점,프롬프트 시각화 정밀 개선 (범용 폴백 교체),"iconic visual illustration representing '중점' (重点), cozy aesthetic environment, studio ghibli style, warm color palette, soft volumetric lighting"
n2_1481,N2,用語,ようご,용어,프롬프트 시각화 정밀 개선 (범용 폴백 교체),"iconic visual illustration representing '용어' (用語), cozy aesthetic environment, studio ghibli style, warm color palette, soft volumetric lighting"
n2_1484,N2,努める,つとめる,"노력하다, 힘쓰다",프롬프트 시각화 정밀 개선 (범용 폴백 교체),"iconic visual illustration representing '노력하다, 힘쓰다' (努める), cozy aesthetic environment, studio ghibli style, warm color palette, soft volumetric lighting"
n2_1493,N2,名詞,めいし,명사,프롬프트 시각화 정밀 개선 (범용 폴백 교체),"iconic visual illustration representing '명사' (名詞), cozy aesthetic environment, studio ghibli style, warm color palette, soft volumetric lighting"
n2_1532,N2,物差し,ものさし,"자(측정 도구), 척도",프롬프트 시각화 정밀 개선 (범용 폴백 교체),"iconic visual illustration representing '자(측정 도구), 척도' (物差し), cozy aesthetic environment, studio ghibli style, warm color palette, soft volumetric lighting"
n2_1536,N2,乗車,じょうしゃ,"승차, 탑승",프롬프트 시각화 정밀 개선 (범용 폴백 교체),"delicious fresh food dish (승차, 탑승), cozy dining table setting, steam rising, studio ghibli style, warm color palette, soft volumetric lighting"
n2_1541,N2,車庫,しゃこ,차고,프롬프트 시각화 정밀 개선 (범용 폴백 교체),"delicious fresh food dish (차고), cozy dining table setting, steam rising, studio ghibli style, warm color palette, soft volumetric lighting"
n2_1549,N2,着せる,きせる,옷을 입히다,프롬프트 시각화 정밀 개선 (범용 폴백 교체),"neatly arranged clothing item (옷을 입히다), wardrobe closet setting, studio ghibli style, warm color palette, soft volumetric lighting"
n2_1566,N2,ぺん,ぺん,펜,프롬프트 시각화 정밀 개선 (범용 폴백 교체),"iconic visual illustration representing '펜' (ぺん), cozy aesthetic environment, studio ghibli style, warm color palette, soft volumetric lighting"
n2_1568,N2,文房具,ぶんぼうぐ,"문방구, 문구",프롬프트 시각화 정밀 개선 (범용 폴백 교체),"iconic visual illustration representing '문방구, 문구' (文房具), cozy aesthetic environment, studio ghibli style, warm color palette, soft volumetric lighting"
n2_1576,N2,五十音,ごじゅうおん,오십음(일본어 음절표),프롬프트 시각화 정밀 개선 (범용 폴백 교체),"iconic visual illustration representing '오십음(일본어 음절표)' (五十音), cozy aesthetic environment, studio ghibli style, warm color palette, soft volumetric lighting"
n2_1658,N2,手続き,てつづき,"절차, 수속",프롬프트 시각화 정밀 개선 (범용 폴백 교체),"delicious fresh food dish (절차, 수속), cozy dining table setting, steam rising, studio ghibli style, warm color palette, soft volumetric lighting"
n2_1690,N2,句読点,くとうてん,구두점,프롬프트 시각화 정밀 개선 (범용 폴백 교체),"iconic visual illustration representing '구두점' (句読点), cozy aesthetic environment, studio ghibli style, warm color palette, soft volumetric lighting"
n2_1699,N2,英文,えいぶん,"영문, 영어 문장",프롬프트 시각화 정밀 개선 (범용 폴백 교체),"iconic visual illustration representing '영문, 영어 문장' (英文), cozy aesthetic environment, studio ghibli style, warm color palette, soft volumetric lighting"
n2_1708,N2,車掌,しゃしょう,차장(열차 승무원),프롬프트 시각화 정밀 개선 (범용 폴백 교체),"delicious fresh food dish (차장(열차 승무원)), cozy dining table setting, steam rising, studio ghibli style, warm color palette, soft volumetric lighting"
n2_1740,N2,和服,わふく,"일본옷, 기모노",프롬프트 시각화 정밀 개선 (범용 폴백 교체),"neatly arranged clothing item (일본옷, 기모노), wardrobe closet setting, studio ghibli style, warm color palette, soft volumetric lighting"
n2_1766,N2,洋品店,ようひんてん,양품점(서양식 옷 가게),프롬프트 시각화 정밀 개선 (범용 폴백 교체),"neatly arranged clothing item (양품점(서양식 옷 가게)), wardrobe closet setting, studio ghibli style, warm color palette, soft volumetric lighting"
n2_1793,N2,生長,せいちょう,"생장, 성장",프롬프트 시각화 정밀 개선 (범용 폴백 교체),"iconic visual illustration representing '생장, 성장' (生長), cozy aesthetic environment, studio ghibli style, warm color palette, soft volumetric lighting"
n1_0019,N1,落ち着き,おちつき,"차분함, 침착함",프롬프트 시각화 정밀 개선 (범용 폴백 교체),"delicious fresh food dish (차분함, 침착함), cozy dining table setting, steam rising, studio ghibli style, warm color palette, soft volumetric lighting"
n1_0140,N1,ドリル,ドリル,드릴; 연습 문제집,프롬프트 시각화 정밀 개선 (단어 맞춤 지브리 연출),"handheld electric power drill, metal drill bit, wood workbench with sawdust, hardware repair shop, studio ghibli style, warm color palette, soft volumetric lighting"
n1_0262,N1,時差,じさ,시차,프롬프트 시각화 정밀 개선 (범용 폴백 교체),"delicious fresh food dish (시차), cozy dining table setting, steam rising, studio ghibli style, warm color palette, soft volumetric lighting"
n1_0469,N1,幕,とばり,"장막, 휘장",한자 표기 정정 (幕 → 帳),"night sky falling, deep blue horizon, silhouettes of trees, cozy streetlights turning on, twilight transition, peaceful evening, no humans, studio ghibli style, warm color palette, soft volumetric lighting"
n1_0621,N1,反,たん,옷감 등을 세는 단위(반); 토지 면적 단위,프롬프트 시각화 정밀 개선 (단어 맞춤 지브리 연출),"roll of fine silk cloth, traditional kimono fabric bolt, vibrant textile dye, wooden weaving loom shop, studio ghibli style, warm color palette, soft volumetric lighting"
n1_0754,N1,パトカー,パトカー,순찰차; 경찰차,프롬프트 시각화 정밀 개선 (범용 폴백 교체),"delicious fresh food dish (순찰차; 경찰차), cozy dining table setting, steam rising, studio ghibli style, warm color palette, soft volumetric lighting"
n1_0858,N1,チャイム,チャイム,차임벨,프롬프트 시각화 정밀 개선 (범용 폴백 교체),"delicious fresh food dish (차임벨), cozy dining table setting, steam rising, studio ghibli style, warm color palette, soft volumetric lighting"
n1_0874,N1,始発,しはつ,"첫차, 시발",프롬프트 시각화 정밀 개선 (범용 폴백 교체),"delicious fresh food dish (첫차, 시발), cozy dining table setting, steam rising, studio ghibli style, warm color palette, soft volumetric lighting"
n1_1146,N1,ガレージ,ガレージ,"차고, 개러지",프롬프트 시각화 정밀 개선 (범용 폴백 교체),"delicious fresh food dish (차고, 개러지), cozy dining table setting, steam rising, studio ghibli style, warm color palette, soft volumetric lighting"
n1_1252,N1,ずれ,ずれ,"어긋남, 차이",프롬프트 시각화 정밀 개선 (범용 폴백 교체),"delicious fresh food dish (어긋남, 차이), cozy dining table setting, steam rising, studio ghibli style, warm color palette, soft volumetric lighting"
n1_1344,N1,いっそ,いっそ,차라리,프롬프트 시각화 정밀 개선 (범용 폴백 교체),"delicious fresh food dish (차라리), cozy dining table setting, steam rising, studio ghibli style, warm color palette, soft volumetric lighting"
n1_1362,N1,身なり,みなり,옷차림,프롬프트 시각화 정밀 개선 (범용 폴백 교체),"neatly arranged clothing item (옷차림), wardrobe closet setting, studio ghibli style, warm color palette, soft volumetric lighting"
n1_1436,N1,定義,ていぎ,정의,프롬프트 시각화 정밀 개선 (범용 폴백 교체),"iconic visual illustration representing '정의' (定義), cozy aesthetic environment, studio ghibli style, warm color palette, soft volumetric lighting"
n1_1461,N1,遮る,さえぎる,"가로막다, 차단하다",프롬프트 시각화 정밀 개선 (범용 폴백 교체),"delicious fresh food dish (가로막다, 차단하다), cozy dining table setting, steam rising, studio ghibli style, warm color palette, soft volumetric lighting"
n1_1501,N1,悪い,にくい,밉다; 얄밉다,한자 표기 정정 (悪い → 憎い),"Ghibli style illustration, character with pouting angry face crossing arms in a comical huff while turning away, dramatic expressive anime humor, warm background, playful argument scene"
n1_1581,N1,差額,さがく,차액,프롬프트 시각화 정밀 개선 (범용 폴백 교체),"delicious fresh food dish (차액), cozy dining table setting, steam rising, studio ghibli style, warm color palette, soft volumetric lighting"
n1_1696,N1,単,ひとえ,홑겹; 안감 없는 옷,프롬프트 시각화 정밀 개선 (단어 맞춤 지브리 연출),"1girl wearing lightweight single layer unlined summer kimono (hitoe), walking in gentle breeze, sunny day, studio ghibli style, warm color palette, soft volumetric lighting"
n1_1782,N1,裾,すそ,"옷단, 밑단; 산기슭",프롬프트 시각화 정밀 개선 (범용 폴백 교체),"neatly arranged clothing item (옷단, 밑단; 산기슭), wardrobe closet setting, studio ghibli style, warm color palette, soft volumetric lighting"
n1_1958,N1,回送,かいそう,(버스·열차의) 회송,프롬프트 시각화 정밀 개선 (범용 폴백 교체),"delicious fresh food dish ((버스·열차의) 회송), cozy dining table setting, steam rising, studio ghibli style, warm color palette, soft volumetric lighting"
n1_2070,N1,誤差,ごさ,오차,프롬프트 시각화 정밀 개선 (범용 폴백 교체),"delicious fresh food dish (오차), cozy dining table setting, steam rising, studio ghibli style, warm color palette, soft volumetric lighting"
n1_2101,N1,蹴飛ばす,けとばす,걷어차다; 발로 차버리다,프롬프트 시각화 정밀 개선 (범용 폴백 교체),"delicious fresh food dish (걷어차다; 발로 차버리다), cozy dining table setting, steam rising, studio ghibli style, warm color palette, soft volumetric lighting"
n1_2102,N1,盛装,せいそう,성장; 화려하게 차려입음,프롬프트 시각화 정밀 개선 (범용 폴백 교체),"delicious fresh food dish (성장; 화려하게 차려입음), cozy dining table setting, steam rising, studio ghibli style, warm color palette, soft volumetric lighting"
n1_2376,N1,逆上る,さかのぼる,"거슬러 올라가다, 소급하다",한자 표기 정정 (逆上る → 遡る),"ghibli style, children hiking up river stream, leaping salmon fish splash, forest shade sunlight beams"
n1_2621,N1,しいんと,しいんと,쥐 죽은 듯이 조용함,프롬프트 시각화 정밀 개선 (단어 맞춤 지브리 연출),"tranquil bamboo forest in morning mist, quiet nature, studio ghibli style, warm color palette, soft volumetric lighting"
n1_2739,N1,じっくり,じっくり,"차분히, 곰곰이",프롬프트 시각화 정밀 개선 (범용 폴백 교체),"delicious fresh food dish (차분히, 곰곰이), cozy dining table setting, steam rising, studio ghibli style, warm color palette, soft volumetric lighting"
n1_2769,N1,しまった,しまった,"아차!, 아뿔싸!",프롬프트 시각화 정밀 개선 (범용 폴백 교체),"delicious fresh food dish (아차!, 아뿔싸!), cozy dining table setting, steam rising, studio ghibli style, warm color palette, soft volumetric lighting"
n1_2773,N1,着飾る,きかざる,"치장하다, 화려하게 차려입다",프롬프트 시각화 정밀 개선 (범용 폴백 교체),"delicious fresh food dish (치장하다, 화려하게 차려입다), cozy dining table setting, steam rising, studio ghibli style, warm color palette, soft volumetric lighting"
n1_2890,N1,段々,だんだん,"점점, 차츰",프롬프트 시각화 정밀 개선 (범용 폴백 교체),"delicious fresh food dish (점점, 차츰), cozy dining table setting, steam rising, studio ghibli style, warm color palette, soft volumetric lighting"
n1_2983,N1,十字路,じゅうじろ,"사거리, 교차로",프롬프트 시각화 정밀 개선 (범용 폴백 교체),"delicious fresh food dish (사거리, 교차로), cozy dining table setting, steam rising, studio ghibli style, warm color palette, soft volumetric lighting"
n1_3094,N1,手順,てじゅん,"순서, 절차",프롬프트 시각화 정밀 개선 (범용 폴백 교체),"delicious fresh food dish (순서, 절차), cozy dining table setting, steam rising, studio ghibli style, warm color palette, soft volumetric lighting"
n1_3153,N1,ドライブイン,ドライブイン,드라이브인 (자동차 이용객을 위한 휴게소·식당),프롬프트 시각화 정밀 개선 (범용 폴백 교체),"delicious fresh food dish (드라이브인 (자동차 이용객을 위한 휴게소·식당)), cozy dining table setting, steam rising, studio ghibli style, warm color palette, soft volumetric lighting"
n1_3179,N1,著,ちゃく,착(옷을 세는 단위); ~에 도착,한자 표기 정정 (著 → 着),"Ghibli style, young man trying on sharp new suit jacket in front of full-length mirror in tailor shop, warm amber interior lighting, proud happy smile"
n1_3272,N1,交わる,まじわる,"교차하다, 사귀다",프롬프트 시각화 정밀 개선 (범용 폴백 교체),"delicious fresh food dish (교차하다, 사귀다), cozy dining table setting, steam rising, studio ghibli style, warm color palette, soft volumetric lighting"
n1_3328,N1,準急,じゅんきゅう,준급행 (열차),프롬프트 시각화 정밀 개선 (범용 폴백 교체),"delicious fresh food dish (준급행 (열차)), cozy dining table setting, steam rising, studio ghibli style, warm color palette, soft volumetric lighting"
35,LEGACY,宿題,しゅくだい,숙제,프롬프트 시각화 정밀 개선 (범용 폴백 교체),"iconic visual illustration representing '숙제' (宿題), cozy aesthetic environment, studio ghibli style, warm color palette, soft volumetric lighting"
7,LEGACY,車,くるま,자동차,프롬프트 시각화 정밀 개선 (범용 폴백 교체),"delicious fresh food dish (자동차), cozy dining table setting, steam rising, studio ghibli style, warm color palette, soft volumetric lighting"
