id,kanji,kana,korean
n1_0005,賭け,かけ,"내기, 도박"
n1_0007,磁気,じき,자기(磁氣)
n1_0013,滞納,たいのう,체납
n1_0014,果て,はて,끝
n1_0024,購読,こうどく,구독
n1_0025,嗜好,しこう,"기호, 취향"
n1_0026,診療,しんりょう,진료
n1_0028,保管,ほかん,보관
n1_0030,配列,はいれつ,배열
n1_0032,途上,とじょう,"도상, ~하는 중"
n1_0036,徒歩,とほ,도보
n1_0037,伝来,でんらい,전래
n1_0038,トーン,トーン,"톤, 어조"
n1_0040,抗議,こうぎ,항의
n1_0041,自惚れ,うぬぼれ,"자만, 자만심"
n1_0043,優越,ゆうえつ,우월
n1_0050,怠慢,たいまん,"태만, 게으름"
n1_0054,閲覧,えつらん,열람
n1_0058,意地,いじ,"고집, 오기"
n1_0059,音,ね,"소리, 음색"
n1_0064,任務,にんむ,임무
n1_0065,成熟,せいじゅく,성숙
n1_0067,纏め,まとめ,"정리, 요약"
n1_0068,チャンネル,チャンネル,채널
n1_0069,心掛け,こころがけ,마음가짐
n1_0070,雑談,ざつだん,잡담
n1_0072,処分,しょぶん,처분
n1_0073,風習,ふうしゅう,풍습
n1_0075,仕上げ,しあげ,마무리
n1_0081,度忘れ,どわすれ,깜빡 잊음
n1_0083,独創,どくそう,"독창, 독창성"
n1_0086,兆,きざし,"조짐, 징조"
n1_0094,大水,おおみず,홍수
n1_0095,好況,こうきょう,호황
n1_0097,掲載,けいさい,게재
n1_0098,規模,きぼ,규모
n1_0101,異議,いぎ,이의
n1_0102,辞職,じしょく,사직
n1_0106,閉口,へいこう,질림; 난처함
n1_0109,設定,せってい,설정
n1_0114,ファイト,ファイト,파이팅; 투지
n1_0118,模範,もはん,모범
n1_0123,先行,せんこう,선행
n1_0128,投入,とうにゅう,투입
n1_0132,没落,ぼつらく,몰락
n1_0135,審査,しんさ,심사
n1_0136,上演,じょうえん,상연; 공연
n1_0141,登校,とうこう,등교
n1_0142,効率,こうりつ,효율
n1_0145,土木,どぼく,토목
n1_0146,変革,へんかく,변혁
n1_0154,創造,そうぞう,창조
n1_0159,朝寝坊,あさねぼう,늦잠; 늦잠꾸러기
n1_0161,乗り換え,のりかえ,환승
n1_0163,風土,ふうど,풍토
n1_0168,お蔭,おかげ,덕분; 덕택
n1_0171,福,ふく,복
n1_0173,無言,むごん,무언; 말이 없음
n1_0176,専修,せんしゅう,전공; 전수
n1_0180,報酬,ほうしゅう,보수
n1_0181,緩和,かんわ,완화
n1_0182,出血,しゅっけつ,출혈
n1_0183,意向,いこう,의향
n1_0188,排除,はいじょ,배제
n1_0189,負傷,ふしょう,부상
n1_0190,遅れ,おくれ,"지연, 늦음"
n1_0193,お使い,おつかい,심부름
n1_0194,手分け,てわけ,분담
n1_0203,経過,けいか,경과
n1_0205,ドライクリーニング,ドライクリーニング,드라이클리닝
n1_0207,志望,しぼう,지망
n1_0208,負担,ふたん,부담
n1_0212,味覚,みかく,미각
n1_0216,本気,ほんき,"진심, 본심"
n1_0220,謝絶,しゃぜつ,"사절, 거절"
n1_0223,持ち切り,もちきり,"화제, 이야깃거리"
n1_0224,農耕,のうこう,농경
n1_0225,暴動,ぼうどう,폭동
n1_0227,最善,さいぜん,최선
n1_0239,意図,いと,의도
n1_0241,出演,しゅつえん,출연
n1_0242,暇,いとま,"여가, 틈, 짬"
n1_0247,運営,うんえい,운영
n1_0249,実質,じっしつ,실질
n1_0250,切っ掛け,きっかけ,계기
n1_0251,視察,しさつ,시찰
n1_0252,屈折,くっせつ,굴절
n1_0254,静止,せいし,정지
n1_0258,詐欺,さぎ,사기
n1_0261,保守,ほしゅ,"보수, 유지보수"
n1_0262,時差,じさ,시차
n1_0264,変動,へんどう,변동
n1_0272,判定,はんてい,판정
n1_0274,弛み,たるみ,"처짐, 느슨함"
n1_0276,誘惑,ゆうわく,유혹
n1_0278,遭難,そうなん,조난
n1_0285,丁々,とうとう,챙챙(칼 부딪히는 소리)
n1_0287,決行,けっこう,"결행, 강행"
n1_0288,措置,そち,조치
n1_0293,切れ目,きれめ,"끊어진 곳, 틈, 매듭"
n1_0295,得点,とくてん,득점
n1_0310,変遷,へんせん,변천
n1_0320,本格,ほんかく,"본격, 진짜의 방식"
n1_0322,栽培,さいばい,재배
n1_0323,配給,はいきゅう,배급
n1_0324,手当て,てあて,"수당, 치료"
n1_0333,前置き,まえおき,"서론, 머리말"
n1_0335,模倣,もほう,모방
n1_0343,出社,しゅっしゃ,출근
n1_0345,奮闘,ふんとう,분투
n1_0346,創刊,そうかん,창간
n1_0348,再現,さいげん,재현
n1_0358,制定,せいてい,제정
n1_0362,含嗽,うがい,가글; 입 헹굼
n1_0364,根本,こんぽん,"근본, 근원"
n1_0365,沸騰,ふっとう,"비등, 끓음"
n1_0366,神秘,しんぴ,신비
n1_0367,気流,きりゅう,기류
n1_0370,沈黙,ちんもく,침묵
n1_0371,沈殿,ちんでん,침전
n1_0373,始末,しまつ,"처리, 뒷수습"
n1_0375,着色,ちゃくしょく,착색
n1_0377,衆議院,しゅうぎいん,중의원(일본 하원)
n1_0378,判決,はんけつ,판결
n1_0379,主導,しゅどう,주도
n1_0381,一息,ひといき,한숨 돌림; 잠깐의 휴식
n1_0385,傑,けつ,걸출한 인물; 뛰어남
n1_0387,守備,しゅび,수비
n1_0391,戦,いくさ,"전쟁, 싸움"
n1_0398,伝言,つてごと,"전언, 메시지"
n1_0400,趣旨,しゅし,취지
n1_0402,感染,かんせん,감염
n1_0414,国定,こくてい,국가 지정; 국정
n1_0417,チームワーク,チームワーク,팀워크
n1_0426,セレモニー,セレモニー,세리머니; 기념식; 의식
n1_0427,出生,しゅっしょう,출생
n1_0428,ナイター,ナイター,나이터; 야간 경기
n1_0429,滅亡,めつぼう,멸망
n1_0433,善し悪し,よしあし,좋고 나쁨; 시비(是非)
n1_0437,執着,しゅうじゃく,집착
n1_0444,抑圧,よくあつ,억압
n1_0455,生計,せいけい,생계
n1_0460,窒息,ちっそく,질식
n1_0466,レース,レース,"경주, 레이스"
n1_0467,良識,りょうしき,"양식, 분별력"
n1_0470,供,きょう,"제공, 바침"
n1_0472,配分,はいぶん,배분
n1_0473,発作,ほっさ,발작
n1_0481,魂,こん,"혼, 정신"
n1_0483,慣行,かんこう,관행
n1_0485,役職,やくしょく,"직책, 요직"
n1_0492,財,ざい,"재산, 재물"
n1_0496,関税,かんぜい,관세
n1_0498,憎しみ,にくしみ,"증오, 미움"
n1_0503,チェンジ,チェンジ,"체인지, 교체, 변화"
n1_0504,正解,せいかい,"정답, 옳음"
n1_0511,協定,きょうてい,협정
n1_0513,転居,てんきょ,"이사, 전거"
n1_0517,縁談,えんだん,혼담
n1_0520,膨脹,ぼうちょう,팽창
n1_0521,補給,ほきゅう,"보급, 보충"
n1_0523,人情,にんじょう,"인정, 인간미"
n1_0529,和風,わふう,"일본풍, 일본식"
n1_0535,一言,いちげん,한마디
n1_0538,訴え,うったえ,"호소, 소송, 제소"
n1_0543,崇拝,すうはい,숭배
n1_0544,気立て,きだて,"마음씨, 성품"
n1_0546,美,び,"아름다움, 미"
n1_0548,反響,はんきょう,"반향, 메아리"
n1_0551,体力,たいりょく,체력
n1_0552,悪日,あくび,"흉일, 불길한 날"
n1_0555,部門,ぶもん,부문
n1_0559,周期,しゅうき,주기
n1_0560,反感,はんかん,반감
n1_0561,主題,しゅだい,주제
n1_0566,業績,ぎょうせき,"업적, 실적"
n1_0568,異性,いせい,이성
n1_0570,洋風,ようふう,서양식
n1_0579,折衷,せっちゅう,절충
n1_0583,公団,こうだん,공단
n1_0585,盗み,ぬすみ,"도둑질, 절도"
n1_0586,技,わざ,기술; 재주; 솜씨
n1_0588,ソロ,ソロ,솔로; 독주
n1_0594,縁,えん,인연; 연
n1_0595,日当,にっとう,일당
n1_0599,曲,きょく,곡; 노래
n1_0601,採択,さいたく,채택
n1_0604,共存,きょうそん,공존
n1_0607,振興,しんこう,진흥
n1_0612,背景,はいけい,배경
n1_0615,蒸留,じょうりゅう,증류
n1_0616,弁護,べんご,변호
n1_0618,経歴,けいれき,경력
n1_0619,減点,げんてん,감점
n1_0627,共和,きょうわ,공화
n1_0629,前売り,まえうり,예매; 선매
n1_0631,製鉄,せいてつ,제철(철을 만듦)
n1_0635,月賦,げっぷ,"월부, 할부"
n1_0636,決算,けっさん,결산
n1_0641,余興,よきょう,여흥
n1_0642,受け入れ,うけいれ,"수용, 받아들임"
n1_0646,大金,たいきん,"큰돈, 거금"
n1_0647,起点,きてん,기점
n1_0650,陳列,ちんれつ,진열
n1_0651,取り扱い,とりあつかい,취급
n1_0660,会,え,"이해, 터득"
n1_0662,目方,めかた,무게
n1_0666,義理,ぎり,의리
n1_0667,組み合わせ,くみあわせ,조합
n1_0670,発芽,はつが,발아
n1_0675,脱出,だっしゅつ,탈출
n1_0677,局限,きょくげん,국한
n1_0681,字体,じたい,"자체, 서체"
n1_0685,角,かく,"각, 각도"
n1_0686,海路,うみじ,"뱃길, 해로"
n1_0689,討議,とうぎ,토의
n1_0690,遊牧,ゆうぼく,유목
n1_0693,助言,じょげん,조언
n1_0698,光沢,こうたく,광택
n1_0702,災害,さいがい,재해
n1_0706,書き取り,かきとり,받아쓰기
n1_0707,講習,こうしゅう,강습
n1_0709,衝撃,しょうげき,충격
n1_0715,重複,じゅうふく,중복
n1_0719,還暦,かんれき,환갑
n1_0722,お休み,おやすみ,휴일; 쉬는 날
n1_0725,捜索,そうさく,수색
n1_0727,考古学,こうこがく,고고학
n1_0732,産休,さんきゅう,출산 휴가
n1_0733,心中,しんじゅう,동반 자살
n1_0736,破裂,はれつ,파열; 폭발
n1_0737,反射,はんしゃ,반사
n1_0738,届け,とどけ,신고(서); 신청서
n1_0740,脱退,だったい,탈퇴
n1_0743,余地,よち,여지
n1_0744,教科,きょうか,교과
n1_0752,盲点,もうてん,맹점
n1_0755,調べ,しらべ,조사
n1_0758,行進,こうしん,행진
n1_0762,アンコール,アンコール,앙코르
n1_0764,進度,しんど,진도
n1_0765,暗殺,あんさつ,암살
n1_0771,喜劇,きげき,"희극, 코미디"
n1_0774,ボイコット,ボイコット,"보이콧, 불매운동"
n1_0778,水気,すいき,"물기, 수분"
n1_0782,独裁,どくさい,독재
n1_0786,介抱,かいほう,"간호, 돌봄"
n1_0792,出動,しゅつどう,출동
n1_0793,調停,ちょうてい,"조정, 중재"
n1_0804,出産,しゅっさん,출산
n1_0805,放射能,ほうしゃのう,방사능
n1_0806,雅致,がち,"아취, 우아한 정취"
n1_0807,過労,かろう,과로
n1_0808,予感,よかん,예감
n1_0812,駆けっこ,かけっこ,달리기 시합
n1_0817,流,りゅう,"~류, ~식, 방식"
n1_0819,甲,きのえ,갑(십간의 첫째); 갑(등급)
n1_0824,痛感,つうかん,"통감, 절실히 느낌"
n1_0826,勘弁,かんべん,용서
n1_0828,直感,ちょっかん,직감
n1_0833,全快,ぜんかい,완쾌
n1_0834,追及,ついきゅう,추궁
n1_0837,用件,ようけん,용건
n1_0841,疑惑,ぎわく,의혹
n1_0845,収容,しゅうよう,수용
n1_0846,人柄,ひとがら,"인품, 인간성"
n1_0851,酪農,らくのう,낙농
n1_0854,脅迫,きょうはく,협박
n1_0855,結核,けっかく,결핵
n1_0857,一面,いちめん,일면; 온통
n1_0860,中継,ちゅうけい,중계
n1_0862,再生,さいせい,재생
n1_0864,群,ぐん,"무리, 군집"
n1_0867,晴天,せいてん,맑은 날씨
n1_0872,巧み,たくみ,"솜씨 좋음, 능숙함"
n1_0876,紡績,ぼうせき,방적
n1_0877,和,わ,"합, 화합"
n1_0878,禅,ぜん,선(불교)
n1_0879,発掘,はっくつ,발굴
n1_0881,主演,しゅえん,주연
n1_0886,悪,あく,악
n1_0907,天地,あめつち,"천지, 세상"
n1_0913,没収,ぼっしゅう,몰수
n1_0915,余所見,よそみ,"한눈팔기, 딴 곳을 봄"
n1_0922,作用,さよう,작용
n1_0924,退学,たいがく,퇴학
n1_0925,転落,てんらく,"전락, 굴러떨어짐"
n1_0927,逃走,とうそう,도주
n1_0933,訂正,ていせい,정정
n1_0934,複合,ふくごう,복합
n1_0935,提示,ていじ,제시
n1_0938,専用,せんよう,전용
n1_0939,軽蔑,けいべつ,경멸
n1_0941,暴露,ばくろ,폭로
n1_0944,中毒,ちゅうどく,중독
n1_0948,暗算,あんざん,암산
n1_0949,起源,きげん,기원
n1_0951,出題,しゅつだい,출제
n1_0953,看護,かんご,간호
n1_0956,略奪,りゃくだつ,약탈
n1_0958,自覚,じかく,자각
n1_0963,産出,さんしゅつ,"산출, 생산"
n1_0964,ミュージック,ミュージック,음악
n1_0966,システム,システム,시스템
n1_0967,ニュアンス,ニュアンス,뉘앙스
n1_0975,与党,よとう,여당
n1_0976,セクション,セクション,"섹션, 부문"
n1_0977,降水,こうすい,강수
n1_0979,例,ためし,"전례, 경험"
n1_0983,還元,かんげん,환원
n1_0992,観覧,かんらん,관람
n1_0995,コンテスト,コンテスト,콘테스트
n1_1001,関与,かんよ,관여
n1_1002,画期,かっき,획기(적임)
n1_1005,興業,こうぎょう,"산업 진흥, 흥업"
n1_1012,未練,みれん,미련
n1_1015,見積り,みつもり,견적
n1_1016,卯,ぼう,"묘(토끼, 12간지의 넷째)"
n1_1020,捕鯨,ほげい,포경(고래잡이)
n1_1021,色彩,しきさい,색채
n1_1022,暴力,ぼうりょく,폭력
n1_1025,殺人,さつじん,살인
n1_1026,嚏,くしゃみ,재채기
n1_1027,元年,がんねん,원년
n1_1029,採掘,さいくつ,채굴
n1_1034,要因,よういん,요인
n1_1039,工作,こうさく,"공작(작업, 책략)"
n1_1040,採決,さいけつ,표결
n1_1041,連邦,れんぽう,연방
n1_1042,分散,ぶんさん,분산
n1_1043,中断,ちゅうだん,중단
n1_1044,飼育,しいく,사육
n1_1049,断言,だんげん,단언
n1_1054,欠乏,けつぼう,결핍
n1_1055,気風,きふう,"기풍, 기질"
n1_1056,同封,どうふう,동봉
n1_1058,治療,ちりょう,치료
n1_1061,弁論,べんろん,변론
n1_1062,慣れ,なれ,익숙함
n1_1063,商,しょう,몫(나눗셈의 몫)
n1_1064,民族,みんぞく,민족
n1_1065,ノイローゼ,ノイローゼ,"노이로제, 신경증"
n1_1068,審議,しんぎ,심의
n1_1069,片付け,かたづけ,"정리, 정돈"
n1_1070,アプローチ,アプローチ,"어프로치, 접근 방식"
n1_1072,取材,しゅざい,취재
n1_1073,消去,しょうきょ,"소거, 삭제"
n1_1077,映写,えいしゃ,영사(영화 상영)
n1_1078,独占,どくせん,독점
n1_1079,様相,ようそう,양상
n1_1080,失調,しっちょう,실조(균형이 깨짐)
n1_1084,状,じょう,상태; 모양(형태)
n1_1089,発足,はっそく,발족
n1_1092,蓄積,ちくせき,축적
n1_1094,月日,がっぴ,날짜; 월일
n1_1097,航海,こうかい,항해
n1_1102,取り替え,とりかえ,교체; 교환
n1_1111,賃金,ちんぎん,임금
n1_1114,襲撃,しゅうげき,습격
n1_1115,統制,とうせい,통제
n1_1118,返還,へんかん,반환
n1_1120,同級,どうきゅう,동급; 같은 학년(반)
n1_1130,団結,だんけつ,단결
n1_1135,気品,きひん,"기품, 품격"
n1_1137,質疑,しつぎ,질의
n1_1140,住,じゅう,"거주, 삶(주로 衣食住처럼 복합어에서 쓰임)"
n1_1141,麻酔,ますい,마취
n1_1142,噴出,ふんしゅつ,분출
n1_1147,消息,しょうそく,"소식, 근황"
n1_1148,歯科,しか,치과
n1_1151,感触,かんしょく,"감촉, 촉감"
n1_1156,季刊,きかん,계간
n1_1157,転任,てんにん,"전임, 전근"
n1_1159,結成,けっせい,결성
n1_1162,補強,ほきょう,보강
n1_1175,是正,ぜせい,시정
n1_1176,圧迫,あっぱく,압박
n1_1179,畜産,ちくさん,축산
n1_1193,経費,けいひ,경비
n1_1195,一心,いっしん,"한마음, 일심"
n1_1200,軍備,ぐんび,군비
n1_1204,聴覚,ちょうかく,청각
n1_1213,思考,しこう,"사고, 생각"
n1_1215,旧知,きゅうち,오랜 지인
n1_1216,窮乏,きゅうぼう,궁핍
n1_1222,企画,きかく,기획
n1_1226,慣例,かんれい,관례
n1_1228,瞬き,またたき,눈 깜빡임
n1_1229,妥結,だけつ,타결
n1_1231,武力,ぶりょく,무력
n1_1232,廃止,はいし,폐지
n1_1248,圧力,あつりょく,압력
n1_1254,防火,ぼうか,방화(불을 막음)
n1_1256,ショック,ショック,"쇼크, 충격"
n1_1257,逆立ち,さかだち,물구나무서기
n1_1259,増強,ぞうきょう,증강
n1_1265,資産,しさん,"자산, 재산"
n1_1268,庶務,しょむ,"서무, 잡무"
n1_1274,視野,しや,시야
n1_1277,恋愛,れんあい,연애
n1_1278,増進,ぞうしん,증진
n1_1283,申し込み,もうしこみ,신청
n1_1285,割り算,わりざん,나눗셈
n1_1291,腕前,うでまえ,"솜씨, 실력"
n1_1293,戦術,せんじゅつ,전술
n1_1295,一変,いっぺん,"완전히 변함, 일변"
n1_1298,抑制,よくせい,억제
n1_1311,承諾,しょうだく,승낙
n1_1312,保険,ほけん,보험
n1_1314,好意,こうい,호의
n1_1316,ショー,ショー,쇼
n1_1317,数詞,すうし,수사(품사)
n1_1318,廃棄,はいき,폐기
n1_1319,領域,りょういき,영역
n1_1321,教習,きょうしゅう,교습
n1_1322,有様,ありさま,모습; 상태; 꼴
n1_1323,レクリエーション,レクリエーション,레크리에이션
n1_1327,教職,きょうしょく,교직
n1_1328,記載,きさい,기재
n1_1329,決断,けつだん,결단
n1_1337,合わせ,あわせ,맞춤; 조합
n1_1338,適性,てきせい,적성
n1_1341,耕作,こうさく,경작
n1_1349,動揺,どうよう,동요
n1_1354,結合,けつごう,결합
n1_1355,決勝,けっしょう,결승
n1_1362,身なり,みなり,옷차림
n1_1363,タイミング,タイミング,타이밍
n1_1366,自転,じてん,자전
n1_1371,転勤,てんきん,전근
n1_1382,奇数,きすう,홀수
n1_1386,把握,はあく,파악
n1_1389,養護,ようご,"양호, 보호"
n1_1395,社交,しゃこう,사교
n1_1400,運搬,うんぱん,운반
n1_1403,教え,おしえ,가르침
n1_1405,流行,はやり,유행
n1_1407,均衡,きんこう,균형
n1_1410,隠居,いんきょ,"은거, 은퇴"
n1_1417,悲観,ひかん,비관
n1_1419,証言,しょうげん,증언
n1_1423,音色,おんいろ,음색
n1_1425,兼用,けんよう,겸용
n1_1430,監視,かんし,감시
n1_1438,根底,こんてい,"근저, 근본"
n1_1443,籤引,くじびき,제비뽑기
n1_1445,受身,うけみ,수동적임; 수동태
n1_1454,布告,ふこく,"포고, 선포"
n1_1465,品質,ひんしつ,품질
n1_1467,他動詞,たどうし,타동사
n1_1470,小売,こうり,소매
n1_1478,利息,りそく,이자
n1_1483,見通し,みとおし,"전망, 예측"
n1_1487,固定,こてい,고정
n1_1495,末期,まっき,말기
n1_1503,初版,しょはん,초판
n1_1505,予言,かねごと,예언
n1_1508,該当,がいとう,해당
n1_1509,デザイン,デザイン,디자인
n1_1513,悩み,なやみ,고민
n1_1519,潜水,せんすい,잠수
n1_1525,補充,ほじゅう,보충
n1_1527,気質,かたぎ,기질
n1_1534,不便,ふびん,가엾음; 불쌍히 여김
n1_1539,排水,はいすい,배수
n1_1541,強制,きょうせい,강제
n1_1544,学歴,がくれき,학력
n1_1546,戦災,せんさい,전쟁 피해; 전화(戦禍)
n1_1547,混血,こんけつ,혼혈
n1_1558,定年,ていねん,정년
n1_1561,運送,うんそう,운송
n1_1562,分裂,ぶんれつ,분열
n1_1567,人格,じんかく,인격
n1_1569,気配,きはい,기색; 낌새; 인기척
n1_1581,差額,さがく,차액
n1_1584,近視,きんし,근시
n1_1585,分配,ぶんぱい,분배
n1_1589,不況,ふきょう,불황
n1_1592,同調,どうちょう,동조
n1_1594,講読,こうどく,강독
n1_1596,お産,おさん,출산
n1_1600,責務,せきむ,책무
n1_1601,余暇,よか,여가
n1_1613,入賞,にゅうしょう,입상
n1_1615,方式,ほうしき,방식
n1_1616,報道,ほうどう,보도
n1_1632,微笑,びしょう,미소
n1_1635,争い,あらそい,다툼; 분쟁
n1_1636,祈り,いのり,기도
n1_1637,氾濫,はんらん,범람; 홍수
n1_1642,退化,たいか,퇴화
n1_1647,ストライキ,ストライキ,파업
n1_1652,抽選,ちゅうせん,추첨
n1_1654,見合い,みあい,맞선
n1_1660,野心,やしん,야심
n1_1665,短縮,たんしゅく,단축
n1_1667,志向,しこう,지향
n1_1669,本能,ほんのう,본능
n1_1671,配慮,はいりょ,배려
n1_1673,適応,てきおう,적응
n1_1674,申出,もうしで,제의; 신청
n1_1676,孤立,こりつ,고립
n1_1678,発育,はついく,발육
n1_1679,釣り,つり,낚시
n1_1681,妊娠,にんしん,임신
n1_1683,海運,かいうん,해운
n1_1684,申し分,もうしぶん,나무랄 데; 흠
n1_1687,動員,どういん,동원
n1_1692,同盟,どうめい,동맹
n1_1693,使い道,つかいみち,용도; 쓰임새
n1_1699,ビジネス,ビジネス,비즈니스; 사업
n1_1705,手筈,てはず,절차; 채비
n1_1706,語句,ごく,어구
n1_1709,演習,えんしゅう,연습; 훈련
n1_1716,支持,しじ,지지
n1_1717,熱量,ねつりょう,열량
n1_1718,真心,まこころ,진심
n1_1724,統合,とうごう,통합
n1_1727,工学,こうがく,공학
n1_1729,業,ごう,"업, 업보"
n1_1730,保養,ほよう,"요양, 휴양"
n1_1733,樹立,じゅりつ,수립
n1_1734,真相,しんそう,진상
n1_1741,中枢,ちゅうすう,중추
n1_1747,沈没,ちんぼつ,침몰
n1_1748,出品,しゅっぴん,출품
n1_1753,勢力,せいりょく,세력
n1_1757,十分,じっぷん,10분
n1_1764,ジャズ,ジャズ,재즈
n1_1765,地獄,じごく,지옥
n1_1767,弁償,べんしょう,"변상, 배상"
n1_1770,爆破,ばくは,폭파
n1_1776,過多,かた,과다
n1_1787,採集,さいしゅう,채집
n1_1791,放射,ほうしゃ,"방사, 방사선"
n1_1793,暗示,あんじ,암시
n1_1795,妨害,ぼうがい,방해
n1_1797,原点,げんてん,원점
n1_1802,主催,しゅさい,주최
n1_1803,優勢,ゆうせい,우세
n1_1804,解剖,かいぼう,해부
n1_1805,驚異,きょうい,경이
n1_1812,収集,しゅうしゅう,수집
n1_1814,侮辱,ぶじょく,모욕
n1_1818,軽減,けいげん,경감
n1_1821,育成,いくせい,육성
n1_1822,納入,のうにゅう,납입; 납품
n1_1828,試み,こころみ,시도
n1_1829,提携,ていけい,제휴
n1_1834,ゆとり,ゆとり,여유
n1_1837,徐行,じょこう,서행
n1_1840,養成,ようせい,양성
n1_1842,他意,たい,다른 의도; 딴 마음
n1_1850,契機,けいき,계기
n1_1851,症,しょう,"증, 증세"
n1_1852,設置,せっち,설치
n1_1853,等級,とうきゅう,등급
n1_1854,錯誤,さくご,착오
n1_1855,記述,きじゅつ,"기술, 서술"
n1_1856,選考,せんこう,"전형, 선고"
n1_1863,国有,こくゆう,국유
n1_1868,正規,せいき,정규
n1_1870,美術,びじゅつ,미술
n1_1871,びり,びり,꼴찌
n1_1874,初耳,はつみみ,처음 듣는 이야기
n1_1875,墜落,ついらく,추락
n1_1879,公認,こうにん,공인
n1_1880,進呈,しんてい,증정
n1_1881,自我,じが,자아
n1_1883,退治,たいじ,퇴치
n1_1886,物好き,ものずき,"유별난 취미, 호기심 많음"
n1_1887,化合,かごう,화합
n1_1888,実情,じつじょう,실정
n1_1889,財政,ざいせい,재정
n1_1895,修士,しゅうし,석사
n1_1898,軍,いくさ,"전쟁, 싸움"
n1_1899,潜入,せんにゅう,잠입
n1_1901,燃焼,ねんしょう,연소
n1_1906,豊作,ほうさく,풍작
n1_1916,見せ物,みせもの,"구경거리, 볼거리"
n1_1919,控除,こうじょ,공제
n1_1923,雇用,こよう,고용
n1_1924,入手,にゅうしゅ,입수
n1_1925,好評,こうひょう,호평
n1_1929,救済,きゅうさい,구제
n1_1935,形成,けいせい,형성
n1_1943,絶版,ぜっぱん,절판
n1_1945,愛想,あいそ,"붙임성, 상냥함"
n1_1952,マッサージ,マッサージ,마사지
n1_1955,演出,えんしゅつ,연출
n1_1956,刺繍,ししゅう,자수
n1_1957,主観,しゅかん,주관
n1_1960,補償,ほしょう,보상
n1_1962,下痢,げり,설사
n1_1969,体験,たいけん,체험
n1_1971,干渉,かんしょう,간섭
n1_1973,年号,ねんごう,연호
n1_1976,平行,へいこう,평행
n1_1984,資格,しかく,자격
n1_1989,ナンセンス,ナンセンス,"넌센스, 터무니없음"
n1_1999,センス,センス,"센스, 감각"
n1_2001,真理,しんり,진리
n1_2002,同居,どうきょ,동거
n1_2005,欲望,よくぼう,욕망
n1_2006,着目,ちゃくもく,주목
n1_2013,加入,かにゅう,가입
n1_2014,後退,こうたい,"후퇴, 후진"
n1_2020,冬眠,とうみん,"동면, 겨울잠"
n1_2021,教訓,きょうくん,교훈
n1_2022,倹約,けんやく,"절약, 검약"
n1_2024,当選,とうせん,당선
n1_2029,不在,ふざい,부재
n1_2032,日付,かづけ,날짜
n1_2042,捕獲,ほかく,포획
n1_2045,下調べ,したしらべ,사전 조사
n1_2047,慣用,かんよう,관용
n1_2052,前例,ぜんれい,전례
n1_2058,点火,てんか,점화
n1_2064,捜査,そうさ,수사
n1_2070,誤差,ごさ,오차
n1_2079,基金,ききん,기금
n1_2081,手配,てはい,"수배; 준비, 채비"
n1_2082,応急,おうきゅう,응급
n1_2086,全滅,ぜんめつ,전멸
n1_2088,期日,きじつ,기일; 정해진 날짜
n1_2091,メッセージ,メッセージ,메시지
n1_2094,聴講,ちょうこう,청강
n1_2097,荒廃,こうはい,황폐
n1_2104,様式,ようしき,양식; 형식
n1_2105,心情,しんじょう,심정
n1_2110,削減,さくげん,삭감
n1_2113,返済,へんさい,상환; 변제
n1_2116,仕舞,しまい,끝; 마지막
n1_2119,協調,きょうちょう,협조; 조화
n1_2120,逃亡,とうぼう,도망; 도주
n1_2121,転校,てんこう,전학
n1_2124,登録,とうろく,등록
n1_2129,着工,ちゃっこう,착공
n1_2131,シナリオ,シナリオ,시나리오
n1_2132,コメント,コメント,코멘트; 댓글
n1_2133,了承,りょうしょう,양해; 승낙
n1_2134,カムバック,カムバック,컴백
n1_2135,修行,しゅうぎょう,수행; 수련
n1_2137,ブーム,ブーム,붐; 유행
n1_2139,味わい,あじわい,맛; 풍미; 정취
n1_2140,来場,らいじょう,내방; 참석
n1_2144,享受,きょうじゅ,향유; 누림
n1_2145,設立,せつりつ,설립
n1_2146,座標,ざひょう,좌표
n1_2152,階級,かいきゅう,계급
n1_2153,侵略,しんりゃく,침략
n1_2154,救い,すくい,구원; 도움
n1_2162,指揮,しき,지휘
n1_2164,区切り,くぎり,구분; 단락
n1_2165,移行,いこう,이행; 전환
n1_2168,出世,しゅっせ,출세
n1_2169,降伏,こうふく,항복
n1_2174,復活,ふっかつ,부활
n1_2182,所持,しょじ,소지
n1_2183,運用,うんよう,운용
n1_2186,冒頭,ぼうとう,서두; 첫머리
n1_2189,審判,しんばん,심판
n1_2190,統治,とうじ,통치
n1_2191,両極,りょうきょく,양극
n1_2198,機構,きこう,기구; 조직
n1_2200,無知,むち,무지
n1_2207,態勢,たいせい,"태세, 준비 상태"
n1_2209,区画,くかく,"구획, 구역"
n1_2214,革新,かくしん,혁신
n1_2216,融通,ゆうずう,융통성
n1_2222,無線,むせん,무선
n1_2225,異見,いけん,"이견, 다른 의견"
n1_2229,調理,ちょうり,"조리, 요리"
n1_2234,生理,せいり,생리(월경)
n1_2237,一連,いちれん,일련(의)
n1_2242,左利き,ひだりきき,왼손잡이
n1_2243,親善,しんぜん,친선
n1_2245,分母,ぶんぼ,분모
n1_2247,ソース,ソース,소스(양념)
n1_2255,鼾,いびき,코골이
n1_2262,助,じょ,"도움, 조력"
n1_2263,刊行,かんこう,"간행, 출판"
n1_2267,版,はん,판(출판물의 판)
n1_2270,福祉,ふくし,복지
n1_2272,配置,はいち,배치
n1_2277,清算,せいさん,청산
n1_2280,下地,したじ,"바탕, 기초, 밑바탕"
n1_2283,知性,ちせい,지성
n1_2285,閉鎖,へいさ,폐쇄
n1_2289,タイトル,タイトル,"타이틀, 제목"
n1_2290,創立,そうりつ,창립
n1_2295,月謝,げっしゃ,"월사금, 매달 내는 수업료"
n1_2298,光熱費,こうねつひ,광열비
n1_2300,感度,かんど,감도
n1_2302,連休,れんきゅう,연휴
n1_2303,合唱,がっしょう,합창
n1_2304,階層,かいそう,계층
n1_2305,展望,てんぼう,전망
n1_2310,合意,ごうい,합의
n1_2313,迫害,はくがい,박해
n1_2314,賠償,ばいしょう,배상
n1_2316,距離,きょり,거리
n1_2317,統率,とうそつ,통솔
n1_2318,補助,ほじょ,보조
n1_2322,気兼ね,きがね,"스스러움, 부담스러워함"
n1_2336,キャリア,キャリア,"커리어, 경력"
n1_2339,成年,せいねん,성년
n1_2341,訴訟,そしょう,소송
n1_2342,応募,おうぼ,"응모, 지원"
n1_2347,無駄遣い,むだづかい,"낭비, 헛돈 쓰기"
n1_2350,浪費,ろうひ,낭비
n1_2351,丈,たけ,"길이, 키"
n1_2360,突破,とっぱ,돌파
n1_2364,保護,ほご,보호
n1_2365,占領,せんりょう,점령
n1_2367,日取り,ひどり,"정해진 날짜, 일정"
n1_2370,合致,がっち,"합치, 일치"
n1_2371,到達,とうたつ,도달
n1_2372,促進,そくしん,촉진
n1_2380,参照,さんしょう,참조
n1_2382,許容,きょよう,허용
n1_2383,共産,きょうさん,공산(주의)
n1_2386,比重,ひじゅう,비중
n1_2393,目付き,めつき,"눈빛, 눈초리"
n1_2394,派遣,はけん,파견
n1_2395,依存,いそん,의존
n1_2398,経路,けいろ,경로
n1_2403,相応,そうおう,"걸맞음, 상응"
n1_2406,戦力,せんりょく,전력(전투력)
n1_2409,面目,めんぼく,"면목, 체면"
n1_2411,自立,じりつ,자립
n1_2412,麻痺,まひ,마비
n1_2415,家出,いえで,가출
n1_2417,祝賀,しゅくが,축하
n1_2418,貧困,ひんこん,빈곤
n1_2421,見込み,みこみ,"전망, 가망"
n1_2423,漢語,かんご,한자어
n1_2425,扶養,ふよう,부양
n1_2428,連盟,れんめい,연맹
n1_2429,象徴,しょうちょう,상징
n1_2435,助け,たすけ,도움
n1_2444,浮力,ふりょく,부력
n1_2447,一律,いちりつ,"일률적, 균일"
n1_2448,負債,ふさい,"부채, 빚"
n1_2454,展示,てんじ,전시
n1_2456,収益,しゅうえき,수익
n1_2458,反発,はんぱつ,반발
n1_2460,ポイント,ポイント,포인트
n1_2465,視覚,しかく,시각
n1_2477,分離,ぶんり,분리
n1_2480,真実,さな,진실
n1_2482,帰京,ききょう,귀경(도쿄로 돌아감)
n1_2487,総合,そうごう,종합
n1_2488,破損,はそん,파손
n1_2489,趣,おもむき,정취; 멋; 풍취
n1_2492,原形,げんけい,원형
n1_2497,申告,しんこく,신고
n1_2499,募金,ぼきん,모금
n1_2500,説得,せっとく,설득
n1_2506,飽和,ほうわ,포화
n1_2509,脚色,きゃくしょく,각색
n1_2511,転換,てんかん,전환
n1_2513,系,けい,계; 계통
n1_2519,アイデア,アイデア,아이디어
n1_2522,形態,けいたい,형태
n1_2523,特許,とっきょ,특허
n1_2525,動力,どうりょく,동력
n1_2531,保育,ほいく,보육
n1_2535,メディア,メディア,미디어
n1_2539,共感,きょうかん,공감
n1_2541,ペア,ペア,짝; 페어
n1_2542,ストレス,ストレス,스트레스
n1_2543,遣い,つかい,심부름; 사용
n1_2545,聞き取り,ききとり,듣기; 청취
n1_2546,朗読,ろうどく,낭독
n1_2548,休戦,きゅうせん,휴전
n1_2550,水洗,すいせん,수세식(물로 씻어냄)
n1_2551,成果,せいか,성과
n1_2552,寄与,きよ,기여
n1_2557,移住,いじゅう,이주
n1_2559,吹奏,すいそう,취주(관악기 연주)
n1_2560,戦闘,せんとう,전투
n1_2562,情緒,じょうしょ,정서
n1_2563,類推,るいすい,유추
n1_2564,良心,りょうしん,양심
n1_2569,書評,しょひょう,서평
n1_2570,恵み,めぐみ,"은혜, 은총"
n1_2573,ワット,ワット,와트
n1_2581,推進,すいしん,추진
n1_2582,中立,ちゅうりつ,중립
n1_2585,自首,じしゅ,자수
n1_2588,反り,そり,"휨, 굽음"
n1_2589,拒絶,きょぜつ,거절
n1_2591,進出,しんしゅつ,진출
n1_2594,事項,じこう,사항
n1_2596,憧れ,あこがれ,"동경, 그리움"
n1_2597,源,みなもと,"근원, 원천"
n1_2600,死,し,"죽음, 사망"
n1_2605,兼業,けんぎょう,겸업
n1_2608,青春,せいしゅん,청춘
n1_2610,レッスン,レッスン,"레슨, 수업"
n1_2611,情,じょう,"정, 감정"
n1_2618,禁物,きんもつ,금물
n1_2619,データ,データ,데이터
n1_2624,誠,まこと,"진심, 정성"
n1_2628,老衰,ろうすい,노쇠
n1_2633,貧乏,びんぼう,"가난, 빈곤"
n1_2637,軍事,ぐんじ,군사
n1_2640,お喋り,おしゃべり,"수다, 잡담"
n1_2649,学説,がくせつ,학설
n1_2650,富,とみ,"부, 재산"
n1_2653,妥協,だきょう,타협
n1_2654,職務,しょくむ,직무
n1_2656,特技,とくぎ,특기
n1_2657,メロディー,メロディー,멜로디
n1_2663,平方,へいほう,"제곱, 평방"
n1_2667,復興,ふっこう,"부흥, 재건"
n1_2668,阻止,そし,저지
n1_2671,交付,こうふ,"교부, 발급"
n1_2680,放置,ほうち,방치
n1_2681,積もり,つもり,"생각, 의도, 작정"
n1_2684,規格,きかく,규격
n1_2685,拒否,きょひ,거부
n1_2686,休学,きゅうがく,휴학
n1_2689,密度,みつど,밀도
n1_2690,当て字,あてじ,"취음자, 음만 빌려 쓴 한자"
n1_2692,議決,ぎけつ,의결
n1_2697,攻め,せめ,공격
n1_2699,腐敗,ふはい,부패
n1_2703,所得,しょとく,소득
n1_2704,合成,ごうせい,합성
n1_2709,ヒント,ヒント,힌트
n1_2710,獲得,かくとく,획득
n1_2711,落下,らっか,낙하
n1_2712,マスコミ,マスコミ,"매스컴, 언론"
n1_2713,事柄,ことがら,"사항, 일"
n1_2715,助動詞,じょどうし,조동사
n1_2716,品種,ひんしゅ,품종
n1_2720,流通,りゅうつう,유통
n1_2726,崩壊,ほうかい,붕괴
n1_2727,免除,めんじょ,면제
n1_2731,動向,どうこう,동향
n1_2733,制裁,せいさい,제재
n1_2735,凶作,きょうさく,흉작
n1_2738,賛美,さんび,찬미
n1_2743,制約,せいやく,제약
n1_2745,点検,てんけん,점검
n1_2748,上昇,じょうしょう,상승
n1_2759,学芸,がくげい,"학예, 학문과 예술"
n1_2765,保温,ほおん,보온
n1_2767,破壊,はかい,파괴
n1_2768,酸化,さんか,산화
n1_2770,再建,さいけん,재건
n1_2772,理性,りせい,이성
n1_2775,寄贈,きそう,"기증, 기부"
n1_2785,役,えき,"전쟁, 전투(역사적 표현)"
n1_2791,推理,すいり,추리
n1_2796,自己,じこ,"자기, 자신"
n1_2798,口述,こうじゅつ,구술
n1_2799,打撃,だげき,타격
n1_2802,期末,きまつ,기말
n1_2805,入浴,にゅうよく,"입욕, 목욕"
n1_2813,気象,きしょう,기상
n1_2814,規制,きせい,규제
n1_2816,昇進,しょうしん,승진
n1_2819,産後,さんご,산후
n1_2821,秩序,ちつじょ,질서
n1_2823,雨天,うてん,우천
n1_2830,外観,がいかん,외관
n1_2835,走行,そうこう,주행
n1_2836,標語,ひょうご,"표어, 슬로건"
n1_2838,境遇,きょうぐう,"처지, 환경"
n1_2839,導入,どうにゅう,도입
n1_2841,発言,はつげん,발언
n1_2842,決議,けつぎ,결의
n1_2848,スペース,スペース,"공간, 스페이스"
n1_2849,混同,こんどう,혼동
n1_2851,騒動,そうどう,소동
n1_2854,茶の湯,ちゃのゆ,다도
n1_2856,封鎖,ふうさ,봉쇄
n1_2857,名残,なごり,"흔적, 여운"
n1_2864,映像,えいぞう,영상
n1_2866,手回し,てまわし,"사전 준비, 채비"
n1_2867,締め切り,しめきり,마감
n1_2870,解除,かいじょ,해제
n1_2871,勤労,きんろう,근로
n1_2873,上陸,じょうりく,상륙
n1_2878,手際,てぎわ,"솜씨, 수완"
n1_2883,所在,しょざい,"소재, 있는 곳"
n1_2893,伝説,でんせつ,전설
n1_2894,現像,げんぞう,현상 (필름)
n1_2896,宣教,せんきょう,선교
n1_2897,手芸,しゅげい,수예
n1_2899,デモンストレーション,デモンストレーション,"데몬스트레이션, 시연"
n1_2901,死刑,しけい,사형
n1_2906,打ち消し,うちけし,"부정, 취소"
n1_2909,軌道,きどう,궤도
n1_2912,心地,ここち,"기분, 느낌"
n1_2916,纏まり,まとまり,"통일성, 일관성"
n1_2917,強行,きょうこう,강행
n1_2919,施行,しぎょう,시행
n1_2920,逆転,ぎゃくてん,역전
n1_2926,追跡,ついせき,추적
n1_2928,集計,しゅうけい,집계
n1_2931,着陸,ちゃくりく,착륙
n1_2936,弾力,だんりょく,탄력
n1_2937,動機,どうき,동기
n1_2942,同意,どうい,동의
n1_2943,オリエンテーション,オリエンテーション,오리엔테이션
n1_2946,掛け,かけ,"외상, 할부"
n1_2948,言伝,ことづて,"전언, 전갈"
n1_2950,交易,こうえき,교역
n1_2951,財源,ざいげん,재원
n1_2952,日焼け,ひやけ,"햇볕에 탐, 선탠"
n1_2959,放出,ほうしゅつ,방출
n1_2960,赴任,ふにん,부임
n1_2963,預金,よきん,예금
n1_2969,調和,ちょうわ,조화
n1_2975,特派,とくは,특파
n1_2978,課題,かだい,과제
n1_2988,歩み,あゆみ,"걸음, 걸어온 길"
n1_2990,伝達,でんたつ,전달
n1_2994,直面,ちょくめん,직면
n1_2995,濫用,らんよう,남용
n1_3002,反乱,はんらん,반란
n1_3007,作戦,さくせん,작전
n1_3012,除外,じょがい,제외
n1_3016,行,ぎょう,행; 줄
n1_3021,海抜,かいばつ,해발
n1_3027,平均,ならし,고르게 함; 평탄화
n1_3028,お世辞,おせじ,아부; 빈말
n1_3029,熱意,ねつい,열의
n1_3030,動き,うごき,움직임; 동향
n1_3031,鉱業,こうぎょう,광업
n1_3032,利子,りし,이자
n1_3033,倒産,とうさん,도산; 파산
n1_3035,分業,ぶんぎょう,분업
n1_3036,復旧,ふくきゅう,복구
n1_3039,実践,じっせん,실천
n1_3040,紛失,ふんしつ,분실
n1_3041,勤務,きんむ,근무
n1_3045,兆し,きざし,조짐; 징조
n1_3046,賛成,さんせい,찬성
n1_3047,下火,したび,(기세가) 수그러듦
n1_3048,徴収,ちょうしゅう,징수
n1_3051,全盛,ぜんせい,전성(기)
n1_3067,内乱,ないらん,내란
n1_3068,生死,せいし,생사
n1_3069,修飾,しゅうしょく,"수식, 꾸밈"
n1_3070,換算,かんさん,환산
n1_3072,物議,ぶつぎ,"물의, 논란"
n1_3073,主体,しゅたい,주체
n1_3074,描写,びょうしゃ,묘사
n1_3078,了解,りょうかい,"양해, 알겠음"
n1_3079,運輸,うんゆ,"운수, 운송"
n1_3082,規約,きやく,규약
n1_3094,手順,てじゅん,"순서, 절차"
n1_3102,自動詞,じどうし,자동사
n1_3103,提供,ていきょう,제공
n1_3104,言論,げんろん,언론
n1_3107,パンク,パンク,펑크 (타이어 파열)
n1_3113,愚痴,ぐち,"푸념, 불평"
n1_3117,寒気,かんき,"한기, 오한"
n1_3119,高,たか,"액수, 양"
n1_3120,骨,こつ,"요령, 비결"
n1_3121,破棄,はき,파기
n1_3122,語彙,ごい,어휘
n1_3131,コントロール,コントロール,"컨트롤, 조절"
n1_3132,進化,しんか,진화
n1_3142,体,てい,"체, 외관, 모양새"
n1_3143,修学,しゅうがく,"수학(修學), 학업"
n1_3145,内訳,うちわけ,내역
n1_3147,刷り,すり,인쇄
n1_3150,ミスプリント,ミスプリント,"오탈자, 미스프린트"
n1_3152,不評,ふひょう,"악평, 나쁜 평판, 인기가 없음"
n1_3157,駆け足,かけあし,"구보, 뜀박질, 급히 달림"
n1_3165,楽観,らっかん,낙관
n1_3166,奉仕,ほうし,봉사
n1_3167,分担,ぶんたん,분담
n1_3172,交渉,こうしょう,"교섭, 협상"
n1_3188,警戒,けいかい,경계
n1_3189,処置,しょち,"처치, 조치"
n1_3190,接触,せっしょく,접촉
n1_3196,中傷,ちゅうしょう,"중상, 비방"
n1_3197,根回し,ねまわし,"사전 교섭, 사전 조율"
n1_3199,操縦,そうじゅう,조종
n1_3203,振動,しんどう,진동
n1_3206,歎,たん,"탄식, 한탄"
n1_3208,不景気,ふけいき,불경기
n1_3211,洪水,こうずい,홍수
n1_3212,近眼,きんがん,근시
n1_3214,配布,はいふ,배포
n1_3215,停滞,ていたい,정체
n1_3219,譲歩,じょうほ,양보
n1_3221,抗争,こうそう,"항쟁, 분쟁"
n1_3223,闇,やみ,"어둠, 암흑"
n1_3230,履歴,りれき,"이력, 경력"
n1_3231,敗戦,はいせん,패전
n1_3233,資金,しきん,자금
n1_3234,足し算,たしざん,덧셈
n1_3235,念,ねん,"염려, 생각, 주의"
n1_3237,進路,しんろ,진로
n1_3239,歓声,かんせい,"환성, 환호성"
n1_3255,氏,うじ,"씨, 성씨"
n1_3256,カテゴリー,カテゴリー,"카테고리, 범주"
n1_3260,実態,じったい,실태
n1_3262,林業,りんぎょう,임업
n1_3268,公演,こうえん,공연
n1_3270,現われ,あらわれ,"표현, 나타남"
n1_3276,事業,じぎょう,사업
n1_3278,比例,ひれい,비례
n1_3280,天災,てんさい,천재지변
n1_3283,消耗,しょうこう,소모
n1_3287,外方,そっぽ,딴 곳; 외면
n1_3289,修了,しゅうりょう,수료
n1_3290,反応,はんのう,반응
n1_3291,探検,たんけん,탐험
n1_3294,小児科,しょうにか,소아과
n1_3316,短波,たんぱ,단파
n1_3318,参議院,さんぎいん,참의원 (일본 상원)
n1_3323,居住,きょじゅう,거주
n1_3331,限定,げんてい,한정
n1_3332,割り当て,わりあて,할당; 배정
n1_3336,象,しょう,조짐; 징후
n1_3337,戸籍,こせき,호적
n1_3342,格差,かくさ,격차
n1_3344,失格,しっかく,실격
n1_3346,否決,ひけつ,부결
n1_3349,類似,るいじ,유사
n1_3354,佐,さ,보좌; 돕다
n1_3356,過ち,あやまち,잘못; 과오
n1_3357,株式,かぶしき,주식
n1_3361,国連,こくれん,유엔; 국제연합
n1_3365,引き分け,ひきわけ,무승부
n1_3366,延べ,のべ,연(누계); 총계
n1_3369,白状,はくじょう,자백
n1_3370,送金,そうきん,송금
n1_3372,略語,りゃくご,약어
n1_3373,国防,こくぼう,국방
n1_3376,起伏,きふく,"기복, 굴곡"
n1_3380,模索,もさく,모색
n1_3384,公募,こうぼ,공모
n1_3388,紛争,ふんそう,분쟁
n1_3389,心得,こころえ,"마음가짐, 유의사항"
n1_3390,発生,はっせい,발생
n1_3403,業務,ぎょうむ,업무
n1_3406,原則,げんそく,원칙
n1_3409,クイズ,クイズ,퀴즈
n1_3411,客観,きゃっかん,객관
n1_3415,特集,とくしゅう,특집
n1_3417,語源,ごげん,어원
n1_3421,征服,せいふく,정복
n1_3423,従事,じゅうじ,종사
n1_3424,本文,ほんぶん,본문
n1_3426,補足,ほそく,보충
n1_3430,損失,そんしつ,손실
n1_3432,公用,こうよう,"공무, 공용"
n1_3433,文語,ぶんご,문어(체)
n1_3434,追放,ついほう,추방
n1_3442,構想,こうそう,구상
n1_3447,人目,じんもく,"남의 눈, 이목"
n1_3449,加工,かこう,가공
n1_3450,異論,いろん,"이의, 다른 의견"
n1_3452,運賃,うんちん,운임
n1_3462,再発,さいはつ,재발
n2_0001,題名,だいめい,제목
n2_0008,中世,ちゅうせい,중세
n2_0016,民謡,みんよう,민요
n2_0021,手入れ,ていれ,"손질, 관리"
n2_0023,休業,きゅうぎょう,휴업
n2_0026,意義,いぎ,의의
n2_0040,基盤,きばん,기반
n2_0048,催促,さいそく,재촉
n2_0050,学級,がっきゅう,학급
n2_0051,制作,せいさく,제작
n2_0053,休講,きゅうこう,휴강
n2_0070,整備,せいび,정비
n2_0073,四季,しき,"사계, 사계절"
n2_0077,留守番,るすばん,"집 보기, 집 지킴"
n2_0078,美容,びよう,미용
n2_0091,学年,がくねん,학년
n2_0092,仮定,かてい,가정
n2_0094,広さ,ひろさ,넓이
n2_0103,道順,みちじゅん,"가는 길, 경로"
n2_0104,盗難,とうなん,도난
n2_0112,パターン,パターン,패턴
n2_0121,定員,ていいん,정원 (정해진 인원)
n2_0122,混合,こんごう,혼합
n2_0139,同格,どうかく,동격
n2_0140,南北,なんぼく,남북
n2_0156,実績,じっせき,실적
n2_0164,測定,そくてい,측정
n2_0166,英和,えいわ,영일(영어-일본어)
n2_0167,面接,めんせつ,면접
n2_0168,公正,こうせい,공정
n2_0169,熟語,じゅくご,"숙어, 한자 숙어"
n2_0170,地質,ちしつ,지질
n2_0176,歌謡,かよう,가요
n2_0181,公式,こうしき,공식
n2_0185,来日,らいにち,"일본에 옴, 방일"
n2_0186,交差,こうさ,교차
n2_0188,追加,ついか,추가
n2_0202,中旬,ちゅうじゅん,중순
n2_0205,免税,めんぜい,면세
n2_0214,行事,ぎょうじ,행사
n2_0218,集合,しゅうごう,"집합, 모임"
n2_0222,アイデア / アイディア,アイデア / アイディア,아이디어
n2_0229,インタビュー,インタビュー,인터뷰
n2_0230,文体,ぶんたい,문체
n2_0233,和英,わえい,일영(일본어-영어)
n2_0234,オートメーション,オートメーション,"오토메이션, 자동화"
n2_0235,弱点,じゃくてん,약점
n2_0236,整数,せいすう,정수(整数)
n2_0242,矛盾,むじゅん,모순
n2_0245,競馬,けいば,경마
n2_0263,応接,おうせつ,응접
n2_0264,勝敗,しょうはい,승패
n2_0265,原始,げんし,원시
n2_0270,高度,こうど,고도(높이)
n2_0271,引算,ひきざん,뺄셈
n2_0275,統一,とういつ,통일
n2_0281,造船,ぞうせん,조선
n2_0282,肯定,こうてい,긍정
n2_0292,実力,じつりょく,실력
n2_0293,先頭,せんとう,선두
n2_0297,リズム,リズム,리듬
n2_0299,習字,しゅうじ,"서예, 습자"
n2_0300,寸法,すんぽう,치수
n2_0306,方程式,ほうていしき,방정식
n2_0309,段階,だんかい,단계
n2_0327,侵入,しんにゅう,침입
n2_0331,発揮,はっき,발휘
n2_0333,独り言,ひとりごと,혼잣말
n2_0336,副詞,ふくし,부사
n2_0339,催し,もよおし,행사
n2_0340,祝日,しゅくじつ,공휴일
n2_0347,差し引き,さしひき,"차감, 차액"
n2_0360,工事,こうじ,공사
n2_0363,引力,いんりょく,"중력, 인력"
n2_0368,効力,こうりょく,효력
n2_0377,順序,じゅんじょ,순서
n2_0388,赤道,せきどう,적도
n2_0390,響き,ひびき,"울림, 소리"
n2_0399,実用,じつよう,실용
n2_0402,四捨五入,ししゃごにゅう,반올림
n2_0406,原産,げんさん,"원산, 원산지"
n2_0412,問い合わせ,といあわせ,문의
n2_0413,炊事,すいじ,"취사, 요리"
n2_0416,コレクション,コレクション,"수집품, 컬렉션"
n2_0418,ゼミ,ゼミ,세미나
n2_0420,個所,かしょ,"부분, 곳"
n2_0427,湿度,しつど,습도
n2_0438,陽射,ひざし,"햇살, 햇빛"
n2_0440,容積,ようせき,"용적, 부피"
n2_0443,桁,けた,자릿수
n2_0447,送料,そうりょう,"배송료, 우송료"
n2_0449,感激,かんげき,감격
n2_0450,失恋,しつれん,실연
n2_0454,性能,せいのう,성능
n2_0460,儀式,ぎしき,"의식, 예식"
n2_0462,苦心,くしん,"고심, 애씀"
n2_0463,ボーナス,ボーナス,보너스
n2_0470,田植え,たうえ,모내기
n2_0471,等分,とうぶん,"등분, 균등하게 나눔"
n2_0472,心当たり,こころあたり,"짐작 가는 데, 짚이는 데"
n2_0478,心身,しんしん,심신
n2_0484,可決,かけつ,가결
n2_0486,統計,とうけい,통계
n2_0492,執筆,しっぴつ,집필
n2_0493,遠足,えんそく,소풍
n2_0494,日時,にちじ,일시
n2_0495,分数,ぶんすう,분수 (수학)
n2_0509,書道,しょどう,서예
n2_0520,国籍,こくせき,국적
n2_0523,省略,しょうりゃく,생략
n2_0532,自習,じしゅう,자습
n2_0534,自然科学,しぜんかがく,자연과학
n2_0535,点数,てんすう,점수
n2_0536,素質,そしつ,"소질, 자질"
n2_0539,定休日,ていきゅうび,정기 휴일
n2_0543,実習,じっしゅう,실습
n2_0544,稽古,けいこ,"연습, 수련"
n2_0553,指定,してい,지정
n2_0558,募集,ぼしゅう,모집
n2_0566,採点,さいてん,채점
n2_0568,焦点,しょうてん,초점
n2_0577,裁縫,さいほう,"재봉, 바느질"
n2_0579,定価,ていか,정가
n2_0581,牧畜,ぼくちく,목축
n2_0584,短所,たんしょ,단점
n2_0588,清掃,せいそう,청소
n2_0589,生年月日,せいねんがっぴ,생년월일
n2_0590,片仮名,かたかな,가타카나
n2_0591,マラソン,マラソン,마라톤
n2_0592,西暦,せいれき,서기
n2_0595,休養,きゅうよう,"휴양, 휴식"
n2_0599,断水,だんすい,단수
n2_0606,シーズン,シーズン,시즌
n2_0609,迷信,めいしん,미신
n2_0619,コース,コース,코스
n2_0627,重量,じゅうりょう,"중량, 무게"
n2_0636,消耗,しょうもう,소모
n2_0638,上旬,じょうじゅん,"상순, 초순"
n2_0642,解放,かいほう,해방
n2_0644,観測,かんそく,관측
n2_0645,述語,じゅつご,술어
n2_0648,血圧,けつあつ,혈압
n2_0653,就任,しゅうにん,취임
n2_0658,直線,ちょくせん,직선
n2_0662,退院,たいいん,퇴원
n2_0668,用途,ようと,용도
n2_0671,書取,かきとり,받아쓰기
n2_0672,人文科学,じんぶんかがく,인문과학
n2_0676,上級,じょうきゅう,"상급, 고급"
n2_0688,出迎え,でむかえ,마중
n2_0690,警備,けいび,경비
n2_0694,年度,ねんど,연도
n2_0696,直角,ちょっかく,직각
n2_0699,診断,しんだん,진단
n2_0700,下旬,げじゅん,하순
n2_0703,感想,かんそう,"감상, 느낌"
n2_0705,気圧,きあつ,기압
n2_0713,零点,れいてん,"영점, 0점"
n2_0722,人通り,ひとどおり,"인적, 사람의 왕래"
n2_0725,通訳,つうやく,통역
n2_0726,トレーニング,トレーニング,"트레이닝, 훈련"
n2_0727,接近,せっきん,접근
n2_0730,初旬,しょじゅん,초순
n2_0737,修繕,しゅうぜん,"수선, 수리"
n2_0739,要旨,ようし,"요지, 요점"
n2_0742,洒落,しゃれ,"익살, 재치있는 농담"
n2_0744,項目,こうもく,항목
n2_0747,筆記,ひっき,필기
n2_0764,過失,かしつ,"과실, 실수"
n2_0768,電波,でんぱ,전파
n2_0769,部首,ぶしゅ,부수(한자의 부수)
n2_0770,民間,みんかん,민간
n2_0776,受験,じゅけん,"수험, 시험을 봄"
n2_0784,解答,かいとう,해답
n2_0786,出勤,しゅっきん,출근
n2_0787,測量,そくりょう,측량
n2_0789,下降,かこう,하강
n2_0791,発売,はつばい,발매
n2_0796,区分,くぶん,구분
n2_0797,湿気,しっけ,습기
n2_0800,姓,せい,성(성씨)
n2_0806,水産,すいさん,수산
n2_0808,停電,ていでん,정전
n2_0812,早口,はやくち,빠른 말투
n2_0815,直流,ちょくりゅう,직류
n2_0817,見学,けんがく,견학
n2_0822,防犯,ぼうはん,방범
n2_0833,真空,しんくう,진공
n2_0836,間隔,かんかく,간격
n2_0844,区域,くいき,구역
n2_0845,相撲,すもう,"스모, 일본 씨름"
n2_0849,通貨,つうか,통화
n2_0851,レジャー,レジャー,"레저, 여가"
n2_0853,方針,ほうしん,방침
n2_0863,皮肉,ひにく,"빈정거림, 비꼼"
n2_0869,サークル,サークル,"동아리, 서클"
n2_0877,申請,しんせい,신청
n2_0892,超過,ちょうか,초과
n2_0893,調節,ちょうせつ,조절
n2_0896,有無,うむ,유무
n2_0898,プログラム,プログラム,프로그램
n2_0920,形式,けいしき,형식
n2_0923,名字,みょうじ,"성씨, 성"
n2_0925,雑音,ざつおん,"잡음, 소음"
n2_0928,勝負,しょうぶ,"승부, 경기"
n2_0930,縮小,しゅくしょう,축소
n2_0937,育児,いくじ,육아
n2_0940,満点,まんてん,만점
n2_0944,円周,えんしゅう,"원주, 둘레"
n2_0946,酸性,さんせい,산성
n2_0948,体制,たいせい,체제
n2_0950,単数,たんすう,단수
n2_0955,輸血,ゆけつ,수혈
n2_0970,工芸,こうげい,공예
n2_0971,割算,わりざん,나눗셈
n2_0975,基礎,きそ,기초
n2_0978,商業,しょうぎょう,상업
n2_0982,資料,しりょう,자료
n2_0989,蒸発,じょうはつ,증발
n2_0997,宛名,あてな,"받는 사람 이름, 수신인"
n2_1000,形容詞,けいようし,형용사
n2_1004,抽象,ちゅうしょう,추상
n2_1008,作製,さくせい,제작
n2_1011,日の入り,ひのいり,"일몰, 해넘이"
n2_1013,例外,れいがい,예외
n2_1015,休息,きゅうそく,휴식
n2_1021,外部,がいぶ,외부
n2_1024,各地,かくち,각지
n2_1032,保健,ほけん,보건
n2_1035,活躍,かつやく,활약
n2_1036,防止,ぼうし,방지
n2_1039,主語,しゅご,주어
n2_1041,火傷,やけど,화상
n2_1042,童話,どうわ,동화
n2_1043,通勤,つうきん,통근
n2_1045,謎謎,なぞなぞ,수수께끼
n2_1051,学科,がっか,학과
n2_1053,成立,せいりつ,성립
n2_1059,写生,しゃせい,"사생, 스케치"
n2_1061,マイナス,マイナス,마이너스
n2_1069,直径,ちょっけい,직경
n2_1071,売上,うりあげ,"매출, 매상"
n2_1075,濃度,のうど,농도
n2_1077,複数,ふくすう,"복수, 여럿"
n2_1088,恨み,うらみ,"원한, 유감"
n2_1089,半径,はんけい,"반지름, 반경"
n2_1099,予備,よび,"예비, 여분"
n2_1102,シリーズ,シリーズ,시리즈
n2_1107,強化,きょうか,강화
n2_1110,激増,げきぞう,급증
n2_1117,明き,あき,"빈자리, 여유"
n2_1120,能率,のうりつ,능률
n2_1124,作成,さくせい,작성
n2_1125,売買,ばいばい,매매
n2_1126,公務,こうむ,공무
n2_1128,連合,れんごう,"연합, 동맹"
n2_1139,行列,ぎょうれつ,"행렬, 줄"
n2_1140,古典,こてん,고전
n2_1142,仮名,かな,가나(일본어 음절문자)
n2_1157,針路,しんろ,"진로, 항로"
n2_1159,公共,こうきょう,공공
n2_1160,宣伝,せんでん,"선전, 광고"
n2_1161,生け花,いけばな,꽃꽂이
n2_1162,飢饉,ききん,기근
n2_1165,溜息,ためいき,한숨
n2_1166,推定,すいてい,추정
n2_1167,あくび,あくび,하품
n2_1169,体操,たいそう,체조
n2_1174,アクセント,アクセント,"악센트, 억양"
n2_1175,消毒,しょうどく,소독
n2_1177,冷凍,れいとう,냉동
n2_1186,海水浴,かいすいよく,해수욕
n2_1187,電力,でんりょく,전력
n2_1188,通用,つうよう,통용
n2_1192,功績,こうせき,공적
n2_1200,夜間,やかん,야간
n2_1201,応用,おうよう,응용
n2_1204,調整,ちょうせい,조정
n2_1205,標準,ひょうじゅん,표준
n2_1206,創作,そうさく,창작
n2_1208,日当たり,ひあたり,"볕이 듦, 일조"
n2_1209,公表,こうひょう,공표
n2_1213,研修,けんしゅう,연수
n2_1214,削除,さくじょ,삭제
n2_1217,恩恵,おんけい,"은혜, 혜택"
n2_1218,消化,しょうか,소화
n2_1224,在学,ざいがく,재학
n2_1229,要領,ようりょう,"요령, 요점"
n2_1235,正面,しょうめん,정면
n2_1238,月日,つきひ,"세월, 날짜"
n2_1240,気配,けはい,"기척, 낌새"
n2_1245,初級,しょきゅう,초급
n2_1246,課税,かぜい,과세
n2_1252,起床,きしょう,기상(잠자리에서 일어남)
n2_1258,増減,ぞうげん,증감
n2_1263,引分け,ひきわけ,"무승부, 비김"
n2_1266,集金,しゅうきん,수금
n2_1273,漁業,ぎょぎょう,어업
n2_1278,一休み,ひとやすみ,"잠깐 쉼, 한숨 돌림"
n2_1282,引越し,ひっこし,이사
n2_1295,重力,じゅうりょく,중력
n2_1300,応援,おうえん,"응원, 지원"
n2_1302,屋外,おくがい,"옥외, 야외"
n2_1308,お出掛け,おでかけ,외출
n2_1310,合同,ごうどう,합동
n2_1313,発射,はっしゃ,발사
n2_1314,分解,ぶんかい,분해
n2_1315,観念,かんねん,관념
n2_1321,角度,かくど,각도
n2_1329,図形,ずけい,도형
n2_1330,芸能,げいのう,연예
n2_1335,娯楽,ごらく,오락
n2_1336,伝染,でんせん,전염
n2_1340,複写,ふくしゃ,복사
n2_1346,油断,ゆだん,방심
n2_1349,高層,こうそう,고층
n2_1351,反映,はんえい,반영
n2_1356,ランニング,ランニング,"러닝, 달리기"
n2_1360,日課,にっか,일과
n2_1362,衣食住,いしょくじゅう,의식주
n2_1364,水曜,すいよう,수요일
n2_1367,くしゃみ,くしゃみ,재채기
n2_1368,テーマ,テーマ,"주제, 테마"
n2_1370,符号,ふごう,"부호, 기호"
n2_1373,体積,たいせき,"부피, 체적"
n2_1375,輸送,ゆそう,"수송, 운송"
n2_1379,回数,かいすう,횟수
n2_1381,経度,けいど,경도
n2_1391,月末,げつまつ,월말
n2_1392,期限,きげん,기한
n2_1395,狙い,ねらい,"목표, 노림수"
n2_1396,偶数,ぐうすう,짝수
n2_1397,園芸,えんげい,원예
n2_1402,重点,じゅうてん,중점
n2_1405,電流,でんりゅう,전류
n2_1411,災難,さいなん,재난
n2_1416,友好,ゆうこう,우호
n2_1418,教養,きょうよう,교양
n2_1420,停止,ていし,정지
n2_1422,当日,とうじつ,당일
n2_1423,献立,こんだて,"식단, 메뉴"
n2_1429,形容動詞,けいようどうし,형용동사(な형용사)
n2_1430,録音,ろくおん,녹음
n2_1431,出入り,でいり,출입
n2_1432,方言,ほうげん,"방언, 사투리"
n2_1433,空想,くうそう,공상
n2_1440,口実,こうじつ,"구실, 핑계"
n2_1449,カロリー,カロリー,칼로리
n2_1456,解説,かいせつ,해설
n2_1461,公害,こうがい,공해
n2_1464,実感,じっかん,실감
n2_1468,無沙汰,ぶさた,"무소식, 격조함"
n2_1472,エチケット,エチケット,에티켓
n2_1475,落第,らくだい,낙제
n2_1476,活力,かつりょく,활력
n2_1478,間接,かんせつ,간접
n2_1481,用語,ようご,용어
n2_1489,神話,しんわ,신화
n2_1490,過半数,かはんすう,과반수
n2_1494,スケジュール,スケジュール,"스케줄, 일정"
n2_1497,往復,おうふく,왕복
n2_1500,損得,そんとく,"손익, 이해득실"
n2_1506,あらすじ,あらすじ,줄거리
n2_1512,鑑賞,かんしょう,감상
n2_1520,直通,ちょくつう,직통
n2_1524,系統,けいとう,계통
n2_1529,入社,にゅうしゃ,입사
n2_1534,生存,せいぞん,생존
n2_1536,乗車,じょうしゃ,"승차, 탑승"
n2_1539,孝行,こうこう,효도
n2_1543,演劇,えんげき,연극
n2_1547,噴火,ふんか,"분화, 화산 폭발"
n2_1552,循環,じゅんかん,순환
n2_1562,通知,つうち,"통지, 알림"
n2_1571,方面,ほうめん,방면
n2_1574,お参り,おまいり,참배
n2_1576,五十音,ごじゅうおん,오십음(일본어 음절표)
n2_1578,分布,ぶんぷ,분포
n2_1586,締切,しめきり,마감
n2_1590,索引,さくいん,색인
n2_1592,学力,がくりょく,"학력, 학업 능력"
n2_1607,乗換,のりかえ,환승
n2_1609,換気,かんき,환기
n2_1616,話中,はなしちゅう,통화중
n2_1617,ローマじ,ローマじ,로마자
n2_1622,見出し,みだし,"표제, 헤드라인"
n2_1627,為替,かわせ,"환, 외환, 송금환"
n2_1628,センチ,センチ,센티미터
n2_1634,文脈,ぶんみゃく,문맥
n2_1640,日の出,ひので,일출
n2_1642,境界,きょうかい,경계
n2_1645,送別,そうべつ,송별
n2_1653,加熱,かねつ,가열
n2_1654,撮影,さつえい,촬영
n2_1660,学術,がくじゅつ,학술
n2_1665,評論,ひょうろん,평론
n2_1670,摩擦,まさつ,마찰
n2_1673,断定,だんてい,단정
n2_1675,しゃっくり,しゃっくり,딸꾹질
n2_1676,日程,にってい,일정
n2_1695,動作,どうさ,동작
n2_1703,圧縮,あっしゅく,압축
n2_1704,乾杯,かんぱい,건배
n2_1710,日帰り,ひがえり,당일치기
n2_1712,不通,ふつう,"불통, 두절"
n2_1713,東西,とうざい,"동서, 사방"
n2_1719,面積,めんせき,면적
n2_1724,快晴,かいせい,"쾌청, 맑게 갠 날씨"
n2_1742,短期,たんき,단기
n2_1752,合流,ごうりゅう,합류
n2_1753,バランス,バランス,"밸런스, 균형"
n2_1764,組合せ,くみあわせ,조합
n2_1765,停車,ていしゃ,정차
n2_1770,文芸,ぶんげい,문예
n2_1771,日日,ひにち,"날짜, 며칠"
n2_1775,ラッシュアワー,ラッシュアワー,러시아워
n2_1783,解散,かいさん,해산
n2_1790,発想,はっそう,발상
n2_1794,掛け算,かけざん,곱셈
n2_1795,テンポ,テンポ,"템포, 박자"
n2_1799,普及,ふきゅう,보급
n2_1801,規律,きりつ,규율
n2_1804,自治,じち,자치
n2_1807,レクリェーション,レクリェーション,레크리에이션
n2_1814,性別,せいべつ,성별
n2_1821,算数,さんすう,산수
n2_1825,製作,せいさく,제작
n2_1826,理科,りか,"과학(교과), 이과"
n3_0001,合図,あいず,신호
n3_0007,香り,かおり,향기
n3_0017,意思,いし,"의사, 생각, 의도"
n3_0020,歓迎,かんげい,환영
n3_0024,修正,しゅうせい,수정
n3_0025,記念,きねん,기념
n3_0028,活動,かつどう,활동
n3_0030,ダンス,ダンス,"댄스, 춤"
n3_0032,週,しゅう,주(週)
n3_0034,適用,てきよう,적용
n3_0046,運,うん,"운, 운수"
n3_0047,責任,せきにん,책임
n3_0048,両替,りょうがえ,환전
n3_0050,平和,へいわ,평화
n3_0051,サービス,サービス,서비스
n3_0053,経由,けいゆ,경유
n3_0058,クラシック,クラシック,클래식
n3_0061,手間,てま,"수고, 품, 手間"
n3_0063,逮捕,たいほ,체포
n3_0064,批評,ひひょう,비평
n3_0069,冒険,ぼうけん,모험
n3_0074,曜日,ようび,요일
n3_0075,関心,かんしん,관심
n3_0080,担当,たんとう,담당
n3_0083,建設,けんせつ,건설
n3_0085,人気,にんき,인기
n3_0101,一時,いちじ,"한때, 일시적으로"
n3_0104,貸し,かし,"빌려준 것, 신세 지운 것"
n3_0108,実験,じっけん,실험
n3_0109,徹底,てってい,철저함
n3_0115,試し,ためし,"시도, 시험삼아 해봄"
n3_0116,才能,さいのう,재능
n3_0118,笑い,わらい,웃음
n3_0129,選択,せんたく,선택
n3_0136,注目,ちゅうもく,주목
n3_0143,火曜,かよう,화요일
n3_0154,順,じゅん,"순서, 차례"
n3_0155,承認,しょうにん,"승인, 인정"
n3_0164,暮らし,くらし,"생활, 살림"
n3_0168,生産,せいさん,생산
n3_0179,計画,けいかく,계획
n3_0180,物理,ぶつり,물리학
n3_0185,飛行,ひこう,비행
n3_0189,誤り,あやまり,"오류, 실수"
n3_0190,釣,つり,낚시
n3_0195,情報,じょうほう,정보
n3_0196,泳ぎ,およぎ,수영
n3_0198,観光,かんこう,관광
n3_0199,航空,こうくう,항공
n3_0200,嘘,うそ,거짓말
n3_0201,日付,ひづけ,날짜
n3_0202,物語,ものがたり,이야기
n3_0205,騒ぎ,さわぎ,소동
n3_0207,語学,ごがく,어학
n3_0213,裁判,さいばん,재판
n3_0216,混雑,こんざつ,혼잡
n3_0219,月曜,げつよう,월요일
n3_0221,前進,ぜんしん,전진
n3_0222,資本,しほん,자본
n3_0223,演説,えんぜつ,연설
n3_0236,出版,しゅっぱん,출판
n3_0241,区別,くべつ,구별
n3_0247,あと,あと,"흔적, 자국"
n3_0248,気候,きこう,기후
n3_0254,栄養,えいよう,영양
n3_0256,跡,あと,"흔적, 자취"
n3_0262,喧嘩,けんか,"싸움, 다툼"
n3_0264,骨折,こっせつ,골절
n3_0271,契約,けいやく,계약
n3_0279,環境,かんきょう,환경
n3_0280,気温,きおん,기온
n3_0283,家賃,やちん,"집세, 방세"
n3_0289,援助,えんじょ,"원조, 지원"
n3_0292,永久,えいきゅう,"영구, 영원"
n3_0293,需要,じゅよう,수요
n3_0294,デート,デート,데이트
n3_0298,火災,かさい,화재
n3_0300,質,しつ,"질, 품질"
n3_0306,老い,おい,"노년, 늙음"
n3_0312,支払,しはらい,지불
n3_0316,エネルギー,エネルギー,에너지
n3_0322,体温,たいおん,체온
n3_0324,通学,つうがく,통학
n3_0328,抵抗,ていこう,저항
n3_0349,学習,がくしゅう,학습
n3_0365,思い出,おもいで,추억
n3_0368,邪魔,じゃま,방해
n3_0375,出来事,できごと,"사건, 일"
n3_0383,表現,ひょうげん,표현
n3_0391,望み,のぞみ,"소망, 바람"
n3_0392,木曜,もくよう,목요일
n3_0396,現れ,あらわれ,"발현, 나타남"
n3_0398,定期,ていき,정기
n3_0406,ピクニック,ピクニック,"피크닉, 소풍"
n3_0410,付き合い,つきあい,"교제, 사귐, 친분"
n3_0414,性,せい,"성, 성별"
n3_0417,渋滞,じゅうたい,"(교통) 정체, 혼잡"
n3_0424,推薦,すいせん,추천
n3_0429,処理,しょり,처리
n3_0432,行動,こうどう,행동
n3_0433,演技,えんぎ,연기
n3_0435,幅,はば,"폭, 너비"
n3_0439,勢い,いきおい,"기세, 힘"
n3_0440,保証,ほしょう,보증
n3_0446,感じ,かんじ,느낌
n3_0464,入院,にゅういん,입원
n3_0470,戦い,たたかい,"싸움, 전투"
n3_0477,納得,なっとく,"납득, 이해"
n3_0484,存在,そんざい,존재
n3_0487,用心,ようじん,"조심, 주의"
n3_0492,注文,ちゅうもん,주문
n3_0495,演奏,えんそう,연주
n3_0499,優勝,ゆうしょう,우승
n3_0500,誇り,ほこり,"자랑, 긍지"
n3_0501,縦,たて,세로
n3_0514,実施,じっし,"실시, 시행"
n3_0515,年齢,ねんれい,"나이, 연령"
n3_0519,迎え,むかえ,마중
n3_0521,記入,きにゅう,"기입, 기재"
n3_0522,欠点,けってん,"결점, 단점"
n3_0524,本当,ほんと,"진짜, 정말"
n3_0529,迷惑,めいわく,"폐, 민폐"
n3_0530,人類,じんるい,인류
n3_0533,具体,ぐたい,구체(적)
n3_0537,芸術,げいじゅつ,예술
n3_0541,滞在,たいざい,"체류, 체재"
n3_0550,拍手,はくしゅ,박수
n3_0552,無視,むし,무시
n3_0556,おしゃべり,おしゃべり,"수다, 잡담"
n3_0561,級,きゅう,"급, 등급"
n3_0568,日曜,にちよう,일요일
n3_0583,金融,きんゆう,금융
n3_0588,冗談,じょうだん,농담
n3_0590,式,しき,"식(공식), 의식"
n3_0595,禁止,きんし,금지
n3_0598,幸運,こううん,행운
n3_0609,建築,けんちく,건축
n3_0613,知らせ,しらせ,"소식, 알림"
n3_0615,掲示,けいじ,게시
n3_0616,刺激,しげき,자극
n3_0617,診察,しんさつ,진찰
n3_0618,機関,きかん,기관
n3_0622,食欲,しょくよく,식욕
n3_0624,破産,はさん,파산
n3_0625,印刷,いんさつ,인쇄
n3_0635,人種,じんしゅ,인종
n3_0640,愛情,あいじょう,애정
n3_0641,幸福,こうふく,행복
n3_0646,引用,いんよう,인용
n3_0655,ミス,ミス,실수
n3_0656,予報,よほう,예보
n3_0658,賛成,Uӣ[い,찬성
n3_0659,発見,はっけん,발견
n3_0669,盛り,さかり,"한창, 전성기"
n3_0670,実際,じっさい,실제
n3_0671,模様,もよう,"무늬, 모양"
n3_0679,土曜,どよう,토요일
n3_0686,勤め,つとめ,"근무, 직무"
n3_0688,実行,じっこう,실행
n3_0689,素,もと,"기본, 바탕, 원료"
n3_0700,務め,つとめ,"직무, 임무"
n3_0701,真似,まね,"흉내, 모방"
n3_0703,心理,しんり,심리
n3_0707,うん,うん,"응, 어"
n3_0710,重視,じゅうし,중시
n3_0713,プラス,プラス,"플러스, 이득"
n3_0726,出発,しゅっぱつ,출발
n3_0732,実現,じつげん,실현
n3_0734,信仰,しんこう,신앙
n3_0735,印象,いんしょう,인상
n3_0738,生まれ,うまれ,"태생, 출생"
n3_0756,ドラマ,ドラマ,드라마
n3_0762,噂,うわさ,소문
n3_0766,意識,いしき,의식
n3_0767,善,ぜん,"선, 착함"
n3_0768,熱中,ねっちゅう,"열중, 몰두"
n3_0774,終,おわり,끝
n3_0775,主義,しゅぎ,"주의(主義), 신념"
n3_0777,準備,じゅんび,준비
n3_0779,苦労,くろう,고생
n3_0786,運動,うんどう,운동
n3_0796,見解,けんかい,견해
n3_0797,監督,かんとく,감독
n3_0804,調査,ちょうさ,조사
n3_0808,注,ちゅう,"주석, 주"
n3_0812,金額,きんがく,금액
n3_0819,絶滅,ぜつめつ,멸종
n3_0821,言語,げんご,언어
n3_0826,引退,いんたい,은퇴
n3_0829,訓,くん,"훈(훈독, 한자의 뜻읽기)"
n3_0835,掃除,そうじ,청소
n3_0846,資源,しげん,자원
n3_0854,読書,どくしょ,독서
n3_0857,例,れい,"예, 예시"
n3_0859,通信,つうしん,통신
n3_0860,訓練,くんれん,훈련
n3_0862,プラン,プラン,"계획, 플랜"
n3_0863,登山,とざん,등산
n3_0866,国家,こっか,국가
n3_0871,休憩,きゅうけい,"휴식, 휴게"
n3_0874,作業,さぎょう,작업
n3_0877,世間,せけん,"세상, 세간"
n3_0878,末,すえ,끝
n3_0880,活気,かっき,활기
n3_0882,世話,せわ,"보살핌, 돌봄"
n3_0883,旅,たび,여행
n3_0884,制限,せいげん,제한
n3_0889,混乱,こんらん,혼란
n3_0892,練習,れんしゅう,연습
n3_0895,修理,しゅうり,수리
n3_0897,クリスマス,クリスマス,크리스마스
n3_0900,ドライブ,ドライブ,드라이브
n3_0903,感情,かんじょう,감정
n3_0907,知識,ちしき,지식
n3_0908,組合,くみあい,조합
n3_0910,党,とう,"정당, 당"
n3_0911,講演,こうえん,강연
n3_0915,恩,おん,은혜
n3_0917,余裕,よゆう,여유
n3_0920,消費,しょうひ,소비
n3_0921,精神,せいしん,정신
n3_0925,手伝い,てつだい,"도움, 거들기"
n3_0932,反抗,はんこう,반항
n3_0933,参考,さんこう,참고
n3_0949,知能,ちのう,지능
n3_0957,一言,ひとこと,한마디
n3_0967,放送,ほうそう,방송
n3_0968,支度,したく,준비
n3_0979,死亡,しぼう,사망
n3_0985,傾向,けいこう,경향
n3_0986,計算,けいさん,계산
n3_0988,内容,ないよう,내용
n3_0999,貢献,こうけん,"공헌, 기여"
n3_1000,吸収,きゅうしゅう,흡수
n3_1008,本物,ほんもの,"진짜, 진품"
n3_1011,事務,じむ,"사무, 사무직"
n3_1015,運転,うんてん,운전
n3_1026,目標,もくひょう,목표
n3_1032,手術,しゅじゅつ,수술
n3_1034,世の中,よのなか,"세상, 세간"
n3_1047,常識,じょうしき,상식
n3_1048,指導,しどう,지도
n3_1049,語,ご,"언어, 말"
n3_1051,間違い,まちがい,"실수, 잘못"
n3_1059,ユーモア,ユーモア,유머
n3_1061,発行,はっこう,발행
n3_1068,勉強,べんきょう,공부
n3_1074,天然,てんねん,"천연, 자연"
n3_1080,現実,げんじつ,현실
n3_1081,農業,のうぎょう,농업
n3_1083,変更,へんこう,변경
n3_1084,流行,りゅうこう,유행
n3_1086,経営,けいえい,경영
n3_1089,散歩,さんぽ,산책
n3_1095,誕生,たんじょう,탄생
n3_1096,参加,さんか,참가
n3_1104,順番,じゅんばん,"순서, 차례"
n3_1117,尊重,そんちょう,존중
n3_1119,政府,せいふ,정부
n3_1120,配達,はいたつ,배달
n3_1121,強盗,ごうとう,강도
n3_1122,駐車,ちゅうしゃ,주차
n3_1130,国語,こくご,국어
n3_1131,能力,のうりょく,능력
n3_1133,支配,しはい,지배
n3_1151,天候,てんこう,"날씨, 기후"
n3_1152,自慢,じまん,자랑
n3_1153,失業,しつぎょう,실업
n3_1157,集まり,あつまり,모임
n3_1162,先日,せんじつ,"요전, 며칠 전"
n3_1163,悲劇,ひげき,비극
n3_1169,話題,わだい,화제
n3_1170,通過,つうか,통과
n3_1174,様子,ようす,"모습, 상태"
n3_1177,交際,こうさい,교제
n3_1183,一種,いっしゅ,일종
n3_1184,考え,かんがえ,생각
n3_1198,交換,こうかん,교환
n3_1202,爆発,ばくはつ,폭발
n3_1205,害,がい,"해, 피해"
n3_1206,自殺,じさつ,자살
n3_1208,承知,しょうち,"승낙, 알겠음"
n3_1212,管理,かんり,관리
n3_1214,競技,きょうぎ,경기
n3_1215,設計,せっけい,설계
n3_1216,汚染,おせん,오염
n3_1217,調子,ちょうし,"상태, 컨디션"
n3_1229,働き,はたらき,"작용, 활동"
n3_1235,癖,くせ,"버릇, 습관"
n3_1243,横断,おうだん,횡단
n3_1247,専攻,せんこう,전공
n3_1249,寄付,きふ,기부
n3_1256,検査,けんさ,검사
n3_1259,維持,いじ,유지
n3_1261,節約,せつやく,절약
n3_1262,光景,こうけい,광경
n3_1264,祝い,いわい,"축하, 축하 선물"
n3_1268,団体,だんたい,단체
n3_1269,日常,にちじょう,일상
n3_1270,基本,きほん,기본
n3_1282,一致,いっち,일치
n3_1284,ノック,ノック,노크
n3_1289,現象,げんしょう,현상
n3_1292,音,おん,"소리, 음"
n3_1297,通行,つうこう,통행
n3_1300,知恵,ちえ,지혜
n3_1302,婚約,こんやく,약혼
n3_1314,候補,こうほ,후보
n3_1321,型,かた,"형, 틀, 타입"
n3_1325,帰宅,きたく,귀가
n3_1327,禁煙,きんえん,금연
n3_1332,疑問,ぎもん,의문
n3_1333,供給,きょうきゅう,공급
n3_1334,スタイル,スタイル,스타일
n3_1340,科目,かもく,과목
n3_1344,空き,あき,"빈 자리, 여유"
n3_1346,芝居,しばい,연극
n3_1350,共同,きょうどう,공동
n3_1353,感覚,かんかく,감각
n3_1356,物音,ものおと,"소리, 인기척"
n3_1357,変化,へんか,변화
n3_1359,検討,けんとう,검토
n3_1362,財産,ざいさん,재산
n3_1378,移動,いどう,이동
n3_1384,審判,しんぱん,심판
n3_1385,休暇,きゅうか,휴가
n3_1391,免許,めんきょ,면허
n3_1394,依頼,いらい,의뢰
n3_1398,考慮,こうりょ,고려
n3_1403,許可,きょか,허가
n3_1405,活用,かつよう,활용
n3_1407,睡眠,すいみん,수면
n3_1408,労働,ろうどう,노동
n3_1414,匂い,におい,냄새
n3_1417,単語,たんご,단어
n3_1422,呼吸,こきゅう,호흡
n3_1427,格好,かっこう,"모습, 차림, 스타일"
n3_1428,永遠,えいえん,영원
n3_1430,握手,あくしゅ,악수
n3_1439,部分,ぶぶん,부분
n3_1440,性格,せいかく,성격
n3_1441,劇,げき,연극
n3_1442,被害,ひがい,피해
n3_1445,哲学,てつがく,철학
n3_1447,訪問,ほうもん,방문
n3_1452,数字,すうじ,숫자
n3_1454,元,もと,"원래, 전(前)"
n3_1458,中止,ちゅうし,"중지, 취소"
n3_1462,観察,かんさつ,관찰
n3_1466,集中,しゅうちゅう,집중
n3_1472,句,く,"구, 구절"
n3_1476,請求,せいきゅう,청구
n3_1480,道徳,どうとく,도덕
n3_1483,発達,はったつ,발달
n3_1484,症状,しょうじょう,증상
n3_1489,製造,せいぞう,제조
n3_1492,論争,ろんそう,논쟁
n3_1497,提出,ていしゅつ,제출
n3_1499,ハイキング,ハイキング,"하이킹, 도보 여행"
n3_1502,氏,し,"씨, 성씨, 가문"
n3_1504,学,がく,"학문, 학식"
n3_1505,構成,こうせい,구성
n3_1506,欠陥,けっかん,결함
n3_1510,使用,しよう,사용
n3_1511,宿泊,しゅくはく,숙박
n3_1514,分野,ぶんや,분야
n3_1515,好み,このみ,"취향, 기호"
n3_1516,整理,せいり,정리
n3_1519,学問,がくもん,학문
n3_1520,曇,くもり,"흐림, 흐린 날씨"
n3_1521,無駄,むだ,"낭비, 헛됨"
n3_1531,勘,かん,"직감, 육감"
n3_1535,典型,てんけい,전형
n3_1538,秘密,ひみつ,비밀
n3_1540,物事,ものごと,"사물, 일"
n3_1541,要求,ようきゅう,요구
n3_1543,時刻,じこく,시각
n3_1549,理想,りそう,이상
n3_1551,罪,つみ,죄
n3_1552,要素,ようそ,요소
n3_1559,信用,しんよう,신용
n3_1560,出身,しゅっしん,출신
n3_1562,金曜,きんよう,금요일
n3_1570,成績,せいせき,성적
n3_1576,能,のう,"능력, 재능"
n3_1577,到着,とうちゃく,도착
n3_1582,無,ぶ,"무, 없음"
n3_1584,延期,えんき,연기
n3_1587,解釈,かいしゃく,해석
n3_1588,外出,がいしゅつ,외출
n3_1592,予測,よそく,예측
n3_1595,週間,しゅうかん,"주간, ~주일"
n3_1598,謎,なぞ,수수께끼
n3_1600,支給,しきゅう,지급
n3_1603,見送り,みおくり,"배웅, 전송"
n3_1604,上京,じょうきょう,상경(도쿄로 감)
n3_1606,たとえ,たとえ,비유
n3_1609,魅力,みりょく,매력
n3_1611,否定,ひてい,부정
n3_1614,理解,りかい,이해
n3_1616,独立,どくりつ,독립
n3_1617,痛み,いたみ,"아픔, 통증"
n3_1618,一生,いっしょう,"일생, 평생"
n3_1619,予防,よぼう,예방
n3_1623,職,しょく,"직업, 일자리"
n3_1624,差別,さべつ,차별
n3_1625,行き,いき,"감, ~행"
n3_1628,体育,たいいく,체육
n3_1629,失望,しつぼう,실망
n3_1630,貯金,ちょきん,저금
n3_1633,暗記,あんき,암기
n3_1638,思想,しそう,"사상, 생각"
n3_1646,人生,じんせい,인생
n3_1659,不足,ふそく,부족
n3_1663,強調,きょうちょう,강조
n3_1664,自然,しぜん,자연
n3_1666,記録,きろく,기록
n3_1667,操作,そうさ,조작
n3_1670,株,かぶ,"주식, 그루터기"
n3_1675,事,こと,"일, 것"
n3_1677,年月,としつき,세월
n3_1680,事態,じたい,사태
n3_1685,進学,しんがく,진학
n3_1689,就職,しゅうしょく,취직
n3_1692,状態,じょうたい,상태
n3_1701,題,だい,"제목, 주제"
n3_1708,借金,しゃっきん,"빚, 채무"
n3_1718,温度,おんど,온도
n3_1723,留学,りゅうがく,유학
n3_1728,攻撃,こうげき,공격
n3_1732,事件,じけん,사건
n3_1734,要点,ようてん,요점
n3_1739,衝突,しょうとつ,충돌
n3_1742,スピーチ,スピーチ,"스피치, 연설"
n3_1746,年間,ねんかん,연간
n3_1750,組織,そしき,조직
n3_1752,犯罪,はんざい,범죄
n3_1754,決定,けってい,결정
n3_1758,遅刻,ちこく,지각
n3_1764,粗,あら,"결점, 흠"
n3_1765,化学,かがく,화학
n3_1766,作曲,さっきょく,작곡
n3_1769,営業,えいぎょう,영업
n3_1777,医療,いりょう,의료
n3_1781,動詞,どうし,동사
n3_1784,手品,てじな,"마술, 요술"
n3_1785,学期,がっき,학기
n3_1791,経験,けいけん,경험
n3_1792,祭,まつり,축제
n3_1794,職業,しょくぎょう,직업
n3_1796,発車,はっしゃ,"발차, 출발"
n5_0008,ニュース,ニュース,뉴스
n5_0016,電気,でんき,"전기, 전등"
n5_0022,英語,えいご,영어
n5_0032,作文,さくぶん,작문
n5_0047,年,とし,"나이, 해"
n5_0090,スポーツ,スポーツ,"스포츠, 운동"
n5_0110,毎週,まいしゅう,매주
n5_0146,休み,やすみ,"휴일, 방학"
n5_0162,言葉,ことば,"말, 단어"
n5_0174,一日,いちにち,"하루, 1일"
n5_0184,音楽,おんがく,음악
n5_0185,歌,うた,노래
n5_0190,授業,じゅぎょう,수업
n5_0196,さ来年,さらいねん,내후년
n5_0201,曇り,くもり,흐림
n5_0206,仕事,しごと,"일, 직업"
n5_0224,天気,てんき,날씨
n5_0241,秋,あき,가을
n5_0246,木曜日,もくようび,목요일
n5_0255,五日,いつか,"닷새, 5일"
n5_0268,夏,なつ,여름
n5_0277,金曜日,きんようび,금요일
n5_0287,二日,ふつか,"이틀, 2일"
n5_0290,冬,ふゆ,겨울
n5_0299,二十日,はつか,20일
n5_0311,十日,とおか,"10일, 열흘"
n5_0326,話,はなし,이야기
n5_0342,火曜日,かようび,화요일
n5_0355,三日,みっか,"3일, 사흘"
n5_0357,夏休み,なつやすみ,여름 방학
n5_0365,暇,ひま,"한가함, 여가"
n5_0382,毎年,まいねん / まいとし,매년
n5_0394,宿題,しゅくだい,숙제
n5_0398,映画,えいが,영화
n5_0435,色,いろ,색
n5_0436,黄色,きいろ,노란색
n5_0445,誕生日,たんじょうび,생일
n5_0463,たて,たて,"세로, 높이"
n5_0477,旅行,りょこう,여행
n5_0479,春,はる,봄
n5_0484,青,あお,파란색
n5_0485,白,しろ,흰색
n5_0506,背,せ,키
n5_0516,晴れ,はれ,맑음
n5_0600,名前,なまえ,이름
n5_0612,家庭,かてい,가정
n5_0613,パーティー,パーティー,파티
n5_0656,テスト,テスト,"시험, 테스트"
35,宿題,しゅくだい,숙제
36,締切,しめきり,마감기한
38,試験,しけん,시험
41,天気,てんき,날씨
42,旅行,りょこう,여행
43,勉強,べんきょう,공부
45,予定,よてい,예정
n4_110,味,あじ,맛
n4_112,遊び,あそび,놀이
n4_120,アルバイト,アルバイト,아르바이트
n4_149,うそ,うそ,거짓말
n4_188,音,おと,소리
n4_193,お祭り,おまつり,축제
n4_203,お礼,おれい,사례
n4_205,終わり,おわり,끝
n4_211,帰り,かえり,귀가
n4_217,火事,かじ,화재
n4_222,形,かたち,형태
n4_247,気,き,신경
n4_252,技術,ぎじゅつ,기술
n4_253,季節,きせつ,계절
n4_258,気分,きぶん,기분
n4_270,興味,きょうみ,흥미
n4_272,具合,ぐあい,상태
n4_297,研究,けんきゅう,연구
n4_299,見物,けんぶつ,구경
n4_304,工業,こうぎょう,공업
n4_313,国際,こくさい,국제
n4_318,答,こたえ,답
n4_333,コンサート,コンサート,콘서트
n4_338,最後,さいご,마지막
n4_339,最初,さいしょ,처음
n4_353,産業,さんぎょう,산업
n4_359,試合,しあい,시합
n4_362,事故,じこ,사고
n4_363,地震,じしん,지진
n4_380,習慣,しゅうかん,습관
n4_386,趣味,しゅみ,취미
n4_404,水泳,すいえい,수영
n4_439,戦争,せんそう,전쟁
n4_461,台風,たいふう,태풍
n4_474,楽しみ,たのしみ,즐거움
n4_484,力,ちから,힘
n4_491,地理,ちり,지리
n4_510,テニス,テニス,테니스
n4_515,天気予報,てんきよほう,날씨 예보
n4_523,遠く,とおく,먼
n4_549,におい,におい,냄새
n4_563,ねっしん,ねっしん,열심
n4_564,寝坊,ねぼう,늦잠
n4_573,パート,パート,아르바이트
n4_585,花見,はなみ,꽃놀이
n4_588,番組,ばんぐみ,프로그램
n4_591,日,ひ,일
n4_610,昼間,ひるま,주간
n4_695,夢,ゆめ,꿈
n4_699,用事,ようじ,용무
n4_701,予習,よしゅう,예습
n4_715,連絡,れんらく,연락
n4_127,医学,いがく,의학
n4_129,意見,いけん,의견
n4_169,お祝い,おいわい,축하
n4_190,踊り,おどり,춤
n4_213,科学,かがく,과학
n4_226,かっこう,かっこう,모습
n4_262,気持ち,きもち,마음
n4_303,講義,こうぎ,강의
n4_309,交通,こうつう,교통
n4_314,心,こころ,마음
n4_381,住所,じゅうしょ,주소
n4_399,人口,じんこう,인구
n4_407,数学,すうがく,수학
n4_481,暖房,だんぼう,난방
n4_487,注意,ちゅうい,주의
n4_489,注射,ちゅうしゃ,주사
n4_496,都合,つごう,사정
n4_513,点,てん,점
n4_572,場合,ばあい,경우
n4_583,発音,はつおん,발음
n4_617,復習,ふくしゅう,복습
n4_629,文学,ぶんがく,문학
n4_698,用意,ようい,준비
n4_702,予約,よやく,예약
n4_707,利用,りよう,이용
n4_710,留守,るす,부재중
n4_712,歴史,れきし,역사
n4_382,柔道,じゅうどう,유도
n4_405,水道,すいどう,수도
n4_502,つもり,つもり,의도
n4_697,用,よう,용도
n1_0015,長閑,のどか,"한가롭다, 평온하다"
n1_0047,正当,せいとう,"정당함, 타당함"
n1_0051,無口,むくち,"과묵함, 말이 없음"
n1_0080,不当,ふとう,부당함
n1_0087,正常,せいじょう,정상
n1_0091,喧しい,やかましい,시끄러운; 까다로운
n1_0099,疎か,おろそか,소홀함
n1_0120,ドライ,ドライ,냉정한; 드라이한
n1_0124,有力,ゆうりょく,유력함
n1_0130,公,おおやけ,공적임; 공공
n1_0131,不良,ふりょう,불량
n1_0144,レギュラー,レギュラー,레귤러; 정규 멤버
n1_0172,巧妙,こうみょう,교묘함
n1_0187,五月蝿い,うるさい,시끄럽다
n1_0213,究極,きゅうきょく,궁극
n1_0218,煌びやか,きらびやか,화려하다
n1_0248,華やか,はなやか,화려한
n1_0279,手遅れ,ておくれ,"때를 놓침, 손쓰기엔 늦음"
n1_0284,酷い,ひどい,"심하다, 지독하다"
n1_0301,不意,ふい,"갑작스러움, 불시"
n1_0319,良い,いい,좋다
n1_0388,愚か,おろか,어리석다
n1_0392,不振,ふしん,부진
n1_0405,難い,かたい,"어렵다, ~하기 힘들다"
n1_0435,円滑,えんかつ,원활함
n1_0439,未婚,みこん,미혼
n1_0442,頑丈,がんじょう,튼튼함; 견고함
n1_0449,決まり悪い,きまりわるい,겸연쩍다; 멋쩍다
n1_0450,敏感,びんかん,민감함
n1_0456,冷淡,れいたん,"냉담함, 무관심"
n1_0478,密接,みっせつ,밀접
n1_0502,不可欠,ふかけつ,"불가결한, 필수적인"
n1_0528,慌ただしい,あわただしい,"분주하다, 어수선하다"
n1_0547,爽やか,さわやか,상쾌한
n1_0565,華美,かび,"화려함, 사치"
n1_0575,気軽,きがる,"부담 없이, 가벼운 마음으로"
n1_0582,薄弱,はくじゃく,"박약한, 허약한"
n1_0622,久しい,ひさしい,오래다; 오랜만이다
n1_0628,果ない,はかない,덧없다; 허무하다
n1_0630,荒っぽい,あらっぽい,거칠다; 난폭하다
n1_0637,痛切,つうせつ,절실함
n1_0643,緩やか,ゆるやか,"완만함, 느슨함"
n1_0649,独自,どくじ,독자적임
n1_0659,微か,かすか,희미함
n1_0668,生温い,なまぬるい,미지근하다
n1_0682,優,やさ,"상냥함, 다정함"
n1_0694,無能,むのう,무능
n1_0699,課外,かがい,과외(정규 수업 외)
n1_0714,黄色,おうしょく,노란색
n1_0717,健在,けんざい,건재
n1_0718,ニュー,ニュー,"뉴, 새로운"
n1_0734,鈍感,どんかん,둔감
n1_0739,生,き,순수한; 가공하지 않은; 스트레이트
n1_0753,率直,そっちょく,솔직
n1_0760,清々しい,すがすがしい,상쾌한; 시원한
n1_0761,婉曲,えんきょく,완곡
n1_0769,馴れ馴れしい,なれなれしい,"허물없다, 지나치게 친한 척하다"
n1_0784,甘口,あまくち,"단맛, 순한 맛"
n1_0801,奇麗,きれい,"예쁘다, 깨끗하다"
n1_0835,目眩,めまい,현기증
n1_0849,偏,へん,(한자의) 변; 치우침
n1_0863,明るい,あかるい,밝다
n1_0888,密集,みっしゅう,밀집
n1_0895,神聖,しんせい,신성함
n1_0904,台無し,だいなし,"엉망이 됨, 못쓰게 됨"
n1_0908,手近,てぢか,"가까움, 손쉬움"
n1_0909,相応しい,ふさわしい,"어울리다, 적합하다"
n1_0916,質素,しっそ,"검소함, 소박함"
n1_0942,あくどい,あくどい,"지나치게 진하다, 악랄하다"
n1_0973,裸足,はだし,맨발
n1_0974,可愛い,かわいい,귀엽다
n1_0993,単調,たんちょう,단조로움
n1_0994,俄か,にわか,갑작스러움
n1_0999,同等,どうとう,동등함
n1_1007,未知,みち,미지
n1_1019,がっくり,がっくり,"낙담함, 맥이 풀림"
n1_1036,空腹,くうふく,"배고픔, 공복"
n1_1052,円満,えんまん,원만
n1_1095,煙たい,けむたい,매캐하다; (사람이) 거북하다
n1_1119,ユニーク,ユニーク,독특한; 유니크한
n1_1153,平たい,ひらたい,"평평하다, 납작하다"
n1_1170,可哀想,かわいそう,"불쌍하다, 가엾다"
n1_1174,しぶとい,しぶとい,"끈질기다, 억척스럽다"
n1_1182,先天的,せんてんてき,선천적
n1_1183,有機,ゆうき,유기(농)
n1_1190,活発,かっぱつ,활발
n1_1206,窮屈,きゅうくつ,"답답함, 옹색함"
n1_1220,平常,へいじょう,"평소, 평상시"
n1_1221,粉々,こなごな,"산산조각, 가루가 됨"
n1_1224,素敵,すてき,"멋진, 근사한"
n1_1242,ややこしい,ややこしい,"복잡하다, 까다롭다"
n1_1262,見すぼらしい,みすぼらしい,"초라하다, 볼품없다"
n1_1264,怠い,だるい,"나른하다, 노곤하다"
n1_1273,強烈,きょうれつ,강렬하다
n1_1307,精巧,せいこう,정교함
n1_1308,辟易,へきえき,질림; 진저리남
n1_1345,極端,きょくたん,극단
n1_1346,無邪気,むじゃき,천진난만
n1_1353,柔軟,じゅうなん,유연함
n1_1359,疲労,ひろう,피로
n1_1360,無難,ぶなん,무난함
n1_1374,容易い,たやすい,쉬운
n1_1397,不順,ふじゅん,"(날씨가) 고르지 않음, 불순"
n1_1416,だぶだぶ,だぶだぶ,헐렁헐렁
n1_1432,逞しい,たくましい,"다부지다, 늠름하다"
n1_1441,浮気,うわき,바람(피움); 바람기
n1_1444,面白い,おもしろい,재미있다
n1_1452,厳密,げんみつ,엄밀함
n1_1463,渋い,しぶい,떫다; (사람이) 수수하면서 멋있다
n1_1471,温和,おんわ,온화함
n1_1488,乙,おつ,을(계약서의 을); 색다르고 멋짐
n1_1499,過密,かみつ,과밀
n1_1501,悪い,にくい,밉다; 얄밉다
n1_1543,仮,か,가정; 임시로 (~한다면)
n1_1552,簡素,かんそ,간소함
n1_1573,美味しい,おいしい,맛있다
n1_1574,臆病,おくびょう,겁이 많음; 소심함
n1_1590,易い,やすい,쉽다(~하기 쉽다)
n1_1599,粋,いき,"세련됨, 멋짐"
n1_1618,動的,どうてき,동적
n1_1626,オートマチック,オートマチック,자동; 오토매틱
n1_1629,新婚,しんこん,신혼
n1_1657,新,しん,새로운; 신-(접두어)
n1_1661,華々しい,はなばなしい,화려한; 눈부신
n1_1670,良好,りょうこう,양호함
n1_1677,封建,ほうけん,봉건(적)
n1_1700,現行,げんこう,현행
n1_1732,うんざり,うんざり,"지긋지긋함, 진저리남"
n1_1768,精密,せいみつ,정밀
n1_1774,野生,やせい,야생
n1_1780,悲惨,ひさん,비참
n1_1801,可笑しい,おかしい,이상한; 우스운
n1_1806,貧弱,ひんじゃく,빈약함
n1_1819,がっしり,がっしり,다부진; 튼튼한
n1_1832,艶,えん,색기; 매력
n1_1835,浅ましい,あさましい,비열한; 한심한
n1_1841,増し,まし,(그나마) 나음; 추가
n1_1844,愛でたい,めでたい,경사스러운; 축하할 만한
n1_1866,鬱陶しい,うっとうしい,"우중충하다, 답답하다"
n1_1892,漠然,ばくぜん,막연함
n1_1902,簡潔,かんけつ,간결함
n1_1930,生真面目,きまじめ,고지식함
n1_1934,不調,ふちょう,"부진, 컨디션 난조"
n1_1938,善良,ぜんりょう,선량함
n1_1961,小柄,こがら,"작은 체구, 몸집이 작음"
n1_1964,強硬,きょうこう,강경
n1_1996,ヤング,ヤング,"젊은이, 영한"
n1_1998,清らか,きよらか,"맑음, 청아함"
n1_2019,軽率,けいそつ,경솔함
n1_2030,ルーズ,ルーズ,느슨함
n1_2031,特有,とくゆう,특유의
n1_2048,滑稽,こっけい,우스꽝스러움
n1_2099,甘い,うまい,"맛있다; 뛰어나다, 훌륭하다"
n1_2117,完璧,かんぺき,완벽
n1_2130,ふんだん,ふんだん,아낌없이 풍부함
n1_2166,未熟,みじゅく,미숙함
n1_2172,擽ぐったい,くすぐったい,간지럽다
n1_2181,優美,ゆうび,우아함
n1_2199,気障,きざ,느끼함; 잘난 척함
n1_2201,心強い,こころづよい,든든하다
n1_2224,快い,こころよい,"상쾌한, 흔쾌한"
n1_2238,月並み,つきなみ,"평범한, 진부한"
n1_2239,中腹,ちゅうっぱら,산 중턱
n1_2244,健やか,すこやか,"건강한, 튼튼한"
n1_2253,詰らない,つまらない,"시시하다, 재미없다"
n1_2266,欲深い,よくふかい,욕심 많은
n1_2299,有益,ゆうえき,유익함
n1_2307,達者,たっしゃ,"능숙함, 정정함(건강함)"
n1_2332,細やか,こまやか,"세심함, 다정함"
n1_2344,オンライン,オンライン,온라인
n1_2357,情け深い,なさけぶかい,"인정 많은, 자비로운"
n1_2363,几帳面,きちょうめん,"꼼꼼함, 빈틈없음"
n1_2366,痒い,かゆい,가려운
n1_2396,清純,せいじゅん,청순함
n1_2426,堪らない,たまらない,견딜 수 없다
n1_2438,大人しい,おとなしい,"얌전한, 온순한"
n1_2446,ぶかぶか,ぶかぶか,헐렁헐렁한
n1_2459,好い,よい,좋다 (いい의 문어체)
n1_2462,不吉,ふきつ,불길함
n1_2472,好調,こうちょう,"순조로움, 호조"
n1_2520,エレガント,エレガント,우아한; 세련된
n1_2526,素朴,そぼく,소박함; 순박함
n1_2529,口頭,こうとう,"구두(口頭), 말로 함"
n1_2547,ぞんざい,ぞんざい,무성의함; 건성으로 함
n1_2579,酸っぱい,すっぱい,"시다, 신맛이 나다"
n1_2607,下らない,くだらない,"시시하다, 하찮다"
n1_2615,勇敢,ゆうかん,용감함
n1_2617,すばしこい,すばしこい,"재빠르다, 민첩하다"
n1_2623,空ろ,うつろ,"공허함, 멍함"
n1_2638,原,げん,"원-, 원래의"
n1_2652,図々しい,ずうずうしい,뻔뻔하다
n1_2682,眠たい,ねむたい,졸리다
n1_2687,華奢,かしゃ,"가냘픔, 날씬함, 우아함"
n1_2688,嫋か,しなやか,"낭창낭창하다, 유연하다"
n1_2694,お洒落,おしゃれ,"멋쟁이, 세련됨"
n1_2696,一定,いちじょう,"일정, 고정됨"
n1_2718,万能,ばんのう,만능
n1_2724,ロマンチック,ロマンチック,"낭만적인, 로맨틱한"
n1_2732,下品,かひん,"저급품, 하급품"
n1_2736,固有,こゆう,고유
n1_2740,シック,シック,"시크한, 세련된"
n1_2771,厳か,おごそか,"엄숙함, 근엄함"
n1_2776,健全,けんぜん,건전함
n1_2779,インターナショナル,インターナショナル,"국제적인, 인터내셔널"
n1_2783,大柄,おおがら,큰 체격; 큰 무늬
n1_2790,堂々,どうどう,당당함
n1_2795,夥しい,おびただしい,"엄청나게 많은, 무수한"
n1_2837,良質,りょうしつ,"양질, 좋은 품질"
n1_2853,無茶,むちゃ,"무모함, 터무니없음"
n1_2863,身近,みぢか,"신변, 가까이, 친근한"
n1_2886,新興,しんこう,신흥
n1_2891,好ましい,このましい,바람직하다
n1_2892,素早い,すばやい,"재빠르다, 민첩하다"
n1_2902,見っともない,みっともない,"꼴사납다, 보기 흉하다"
n1_2910,未定,みてい,미정
n1_2958,止むを得ない,やむをえない,어쩔 수 없다
n1_2961,頑固,がんこ,"완고함, 고집이 셈"
n1_2966,切実,せつじつ,절실함
n1_2973,和やか,なごやか,"화기애애함, 온화함"
n1_2986,厭やらしい,いやらしい,"징그럽다, 불쾌하다"
n1_2991,おっかない,おっかない,무섭다
n1_2996,単独,たんどく,단독
n1_3003,露骨,ろこつ,노골적임
n1_3038,無茶苦茶,むちゃくちゃ,엉망진창; 터무니없음
n1_3055,紛らわしい,まぎらわしい,헷갈리기 쉬운; 혼동되는
n1_3064,吝嗇,けち,"구두쇠, 인색함"
n1_3065,悩ましい,なやましい,"요염한, 나른한"
n1_3081,見苦しい,みぐるしい,"보기 흉한, 꼴사나운"
n1_3085,物体ない,もったいない,아깝다
n1_3135,眩しい,まぶしい,눈부시다
n1_3148,整然,せいぜん,"정연함, 질서정연함"
n1_3168,無効,むこう,무효
n1_3205,静的,せいてき,정적인
n1_3213,脆い,もろい,"부서지기 쉬운, 약한"
n1_3241,望ましい,のぞましい,바람직하다
n1_3269,必修,ひっしゅう,필수
n1_3277,単一,たんいつ,단일
n1_3304,気まぐれ,きまぐれ,변덕
n1_3312,軽快,けいかい,경쾌한
n1_3313,猛烈,もうれつ,맹렬한
n1_3321,目覚しい,めざましい,눈부신; 놀라운
n1_3362,惨め,みじめ,비참한
n1_3386,高尚,こうしょう,고상함
n1_3400,有望,ゆうぼう,유망함
n1_3412,生臭い,なまぐさい,비린내 나는
n1_3413,寛容,かんよう,관용
n1_3419,既婚,きこん,기혼
n1_3437,公立,こうりつ,공립
n1_3443,滑らか,なめらか,"매끄러움, 부드러움"
n2_0002,でたらめ,でたらめ,"엉터리, 허튼소리"
n2_0013,架空,かくう,가공(허구)의
n2_0018,真っ暗,まっくら,"캄캄함, 새까만 어둠"
n2_0024,軟らかい,やわらかい,"부드럽다, 말랑하다"
n2_0027,蒸し暑い,むしあつい,무덥다
n2_0031,中性,ちゅうせい,중성
n2_0043,真っ黒,まっくろ,새까맣다
n2_0044,水平,すいへい,수평
n2_0049,平気,へいき,"태연함, 아무렇지 않음"
n2_0064,余計,よけい,"쓸데없음, 여분의"
n2_0069,妥当,だとう,타당함
n2_0108,生意気,なまいき,건방짐
n2_0109,堅い,かたい,"단단하다, 견고하다"
n2_0115,憎らしい,にくらしい,"얄밉다, 밉살스럽다"
n2_0153,清い,きよい,"맑다, 깨끗하다"
n2_0163,青白い,あおじろい,창백하다
n2_0174,呑気,のんき,"태평함, 느긋함"
n2_0187,稀,まれ,"드묾, 희귀함"
n2_0215,無地,むじ,"무늬 없음, 민무늬"
n2_0223,みっともない,みっともない,"꼴사납다, 볼썽사납다"
n2_0227,醜い,みにくい,"추하다, 못생기다"
n2_0258,頼もしい,たのもしい,"든든하다, 믿음직스럽다"
n2_0261,強引,ごういん,"강압적, 억지"
n2_0272,高等,こうとう,"고등, 상급"
n2_0289,意地悪,いじわる,"심술궂음, 짓궂음"
n2_0295,高級,こうきゅう,고급
n2_0307,めまい,めまい,현기증
n2_0334,卑怯,ひきょう,비겁함
n2_0342,無数,むすう,"무수함, 셀 수 없이 많음"
n2_0349,乾燥,かんそう,건조
n2_0354,満員,まんいん,만원
n2_0369,無限,むげん,무한
n2_0373,緩い,ゆるい,"느슨하다, 헐렁하다"
n2_0422,紫,むらさき,보라색
n2_0423,ぴかぴか,ぴかぴか,반짝반짝
n2_0425,紺,こん,"감색, 짙은 남색"
n2_0437,申し訳ない,もうしわけない,"죄송하다, 면목없다"
n2_0442,甚だしい,はなはだしい,"심하다, 지나치다"
n2_0455,真っ青,まっさお,"새파랗게 질림, 새파란 색"
n2_0459,合理,ごうり,"합리, 합리적임"
n2_0473,臨時,りんじ,임시
n2_0490,やむをえない,やむをえない,어쩔 수 없다
n2_0525,恐縮,きょうしゅく,"죄송함, 송구스러움"
n2_0531,悠々,ゆうゆう,"유유히, 여유롭게"
n2_0546,さわやか,さわやか,"상쾌한, 산뜻한"
n2_0561,煙い,けむい,"연기가 자욱한, 매캐한"
n2_0612,一定,いってい,"일정함, 고정"
n2_0633,人造,じんぞう,"인조, 인공의"
n2_0661,乱暴,らんぼう,"난폭함, 거칢"
n2_0708,欲張り,よくばり,"욕심쟁이, 욕심 많음"
n2_0732,艶,つや,"윤기, 광택"
n2_0751,狡い,ずるい,"교활하다, 얍삽하다"
n2_0752,広々,ひろびろ,"널찍하다, 넓디넓다"
n2_0759,おめでたい,おめでたい,"경사스럽다, (놀림조로) 순진하다"
n2_0777,めでたい,めでたい,경사스럽다
n2_0779,率直,そっちょく,솔직
n2_0795,派手,はで,화려함
n2_0824,過剰,かじょう,"과잉, 과도함"
n2_0826,不運,ふうん,불운
n2_0838,一流,いちりゅう,일류
n2_0842,不潔,ふけつ,불결
n2_0846,あわただしい,あわただしい,"어수선하다, 분주하다"
n2_0850,ピンク,ピンク,"핑크, 분홍색"
n2_0855,純情,じゅんじょう,"순정, 순수한 마음"
n2_0857,特殊,とくしゅ,특수
n2_0876,険しい,けわしい,"험하다, 가파르다"
n2_0926,特定,とくてい,"특정한, 특정"
n2_0957,空っぽ,からっぽ,"텅 빔, 비어 있음"
n2_0981,真っ白,まっしろ,"새하얌, 순백"
n2_1006,塩辛い,しおからい,짜다
n2_1028,すっぱい,すっぱい,"시다, 신맛이 나다"
n2_1038,恋しい,こいしい,그립다
n2_1054,地味,じみ,"수수함, 소박함"
n2_1084,力強い,ちからづよい,"힘차다, 든든하다"
n2_1098,重たい,おもたい,무겁다
n2_1105,かゆい,かゆい,가렵다
n2_1130,みじめ,みじめ,"비참함, 처참함"
n2_1168,厚かましい,あつかましい,"뻔뻔하다, 염치없다"
n2_1178,国立,こくりつ,국립
n2_1196,粗い,あらい,거칠다
n2_1203,めちゃくちゃ,めちゃくちゃ,엉망진창
n2_1233,凸凹,でこぼこ,울퉁불퉁함
n2_1234,幼稚,ようち,"유치함, 어림"
n2_1242,羨ましい,うらやましい,부럽다
n2_1256,厳重,げんじゅう,엄중함
n2_1260,しつこい,しつこい,"집요하다, 끈질기다"
n2_1262,くだらない,くだらない,"시시하다, 하찮다, 쓸데없다"
n2_1265,吐き気,はきけ,"구역질, 메스꺼움"
n2_1274,素直,すなお,"순수한, 고분고분한"
n2_1280,騒がしい,さわがしい,시끄러운
n2_1292,やかましい,やかましい,"시끄러운, 까다로운"
n2_1312,憎い,にくい,"밉다, 얄밉다"
n2_1328,懐かしい,なつかしい,그립다
n2_1347,惜しい,おしい,아깝다
n2_1359,ずうずうしい,ずうずうしい,뻔뻔하다
n2_1435,まぶしい,まぶしい,눈부신
n2_1462,若々しい,わかわかしい,"젊고 활기찬, 젊어 보이는"
n2_1470,純粋,じゅんすい,순수
n2_1474,消極的,しょうきょくてき,소극적
n2_1495,平凡,へいぼん,평범함
n2_1501,荒い,あらい,거칠다
n2_1508,円い,まるい,둥글다
n2_1513,四角い,しかくい,네모나다
n2_1551,薄暗い,うすぐらい,"어둑하다, 침침하다"
n2_1563,茶色い,ちゃいろい,갈색의
n2_1606,悔しい,くやしい,"분하다, 억울하다"
n2_1615,スマート,スマート,"세련된, 날씬한"
n2_1652,中年,ちゅうねん,중년
n2_1671,勇ましい,いさましい,용감하다
n2_1672,強気,つよき,"강경함, 강세"
n2_1692,垂直,すいちょく,수직
n2_1705,永い,ながい,"길다, 오래다"
n2_1709,有料,ゆうりょう,유료
n2_1717,ばからしい,ばからしい,"어이없다, 시시하다"
n2_1720,騒々しい,そうぞうしい,"시끄럽다, 소란스럽다"
n2_1727,売り切れ,うりきれ,"품절, 매진"
n2_1728,もったいない,もったいない,아깝다
n2_1750,私立,しりつ,사립
n2_1768,格別,かくべつ,"각별함, 유달리"
n2_1774,正味,しょうみ,정미(실중량)
n2_1789,鈍い,にぶい,"둔하다, 무디다"
n2_1813,おしゃれ,おしゃれ,"멋을 냄, 세련됨"
n2_1815,傾らか,なだらか,완만함
n3_0002,清潔,せいけつ,"청결함, 깨끗함"
n3_0039,利口,りこう,"영리함, 똑똑함"
n3_0089,すてき,すてき,"멋진, 근사한"
n3_0098,容易,ようい,"용이함, 쉬움"
n3_0113,完全,かんぜん,완전함
n3_0117,有効,ゆうこう,유효
n3_0120,貧しい,まずしい,가난하다
n3_0142,人工,じんこう,인공
n3_0186,必死,ひっし,"필사적, 죽을힘을 다함"
n3_0224,見事,みごと,"훌륭함, 멋짐"
n3_0249,恐ろしい,おそろしい,"무서운, 두려운"
n3_0258,唯一,ゆいいつ,유일
n3_0259,幸せ,しあわせ,행복
n3_0268,相当,そうとう,상당(히)
n3_0296,立派,りっぱ,"훌륭한, 멋진"
n3_0305,幸い,さいわい,"다행, 행복"
n3_0321,真っ赤,まっか,새빨간
n3_0329,ハンサム,ハンサム,잘생긴
n3_0332,同一,どういつ,동일함
n3_0351,暖かい,あたたか,따뜻하다
n3_0356,哀れ,あわれ,"가엾음, 애처로움"
n3_0372,急激,きゅうげき,급격함
n3_0379,独特,どくとく,"독특함, 특유함"
n3_0403,うるさい,うるさい,"시끄럽다, 까다롭다"
n3_0418,無料,むりょう,무료
n3_0423,真剣,しんけん,"진지함, 진심"
n3_0425,優秀,ゆうしゅう,우수함
n3_0431,順調,じゅんちょう,순조로움
n3_0478,豊富,ほうふ,풍부한
n3_0503,一般,いっぱん,일반
n3_0520,たまらない,たまらない,"참을 수 없다, 견딜 수 없다"
n3_0536,濃い,こい,"진하다, 짙다"
n3_0545,不幸,ふこう,불행
n3_0549,有能,ゆうのう,유능
n3_0589,正式,せいしき,"정식, 공식"
n3_0592,激しい,はげしい,"격렬하다, 심하다"
n3_0604,温暖,おんだん,"온난, 따뜻함"
n3_0644,豪華,ごうか,호화로움
n3_0645,有利,ゆうり,유리함
n3_0660,素晴らしい,すばらしい,"훌륭하다, 멋지다"
n3_0697,健康,けんこう,건강
n3_0711,よい,よい,좋다
n3_0740,単なる,たんなる,"단순한, ~일 뿐인"
n3_0780,高価,こうか,"고가, 비쌈"
n3_0806,疲れ,つかれ,피로
n3_0823,がっかり,がっかり,"실망함, 낙담함"
n3_0869,独身,どくしん,"독신, 미혼"
n3_0940,妙,みょう,"묘한, 이상한"
n3_0942,密,みつ,"밀(빽빽함), 은밀함"
n3_0947,親しい,したしい,친하다
n3_0972,熱心,ねっしん,"열심, 열성"
n3_1017,丸い,まるい,둥글다
n3_1021,自動,じどう,자동
n3_1031,うまい,うまい,맛있다
n3_1042,快適,かいてき,쾌적함
n3_1090,深刻,しんこく,심각
n3_1126,厄介,やっかい,"성가심, 골칫거리"
n3_1181,新た,あらた,새로운
n3_1203,かわいそう,かわいそう,"불쌍하다, 가엾다"
n3_1213,豊か,ゆたか,"풍부하다, 넉넉하다"
n3_1222,きつい,きつい,"꽉 끼다, 심하다"
n3_1288,強力,きょうりょく,"강력함, 강력"
n3_1296,苦手,にがて,"서투름, 잘 못함"
n3_1317,平ら,たいら,평평함
n3_1338,最低,さいてい,"최저, 최악"
n3_1390,苦痛,くつう,고통
n3_1420,余分,よぶん,"여분, 여유분"
n3_1460,幼い,おさない,어리다
n3_1478,けち,けち,"인색함, 구두쇠"
n3_1486,同様,どうよう,"마찬가지, 동일함"
n3_1491,正直,しょうじき,정직
n3_1503,鋭い,するどい,"날카로운, 예리한"
n3_1529,不思議,ふしぎ,"신기함, 불가사의"
n3_1534,主要,しゅよう,주요
n3_1556,愉快,ゆかい,유쾌함
n3_1563,贅沢,ぜいたく,사치
n3_1574,奇妙,きみょう,기묘함
n3_1579,異常,いじょう,"이상, 이상함"
n3_1610,退屈,たいくつ,"지루함, 심심함"
n3_1621,器用,きよう,"손재주가 좋음, 능숙함"
n3_1632,小,しょう,"소, 작음"
n3_1636,新鮮,しんせん,신선함
n3_1648,中古,ちゅうこ,중고
n3_1654,不利,ふり,불리
n3_1656,いい,いい,"좋다, 좋은"
n3_1671,無事,ぶじ,무사함
n3_1678,怪我,けが,"부상, 상처"
n3_1697,裸,はだか,"나체, 알몸"
n3_1705,最終,さいしゅう,최종
n3_1710,積極的,せっきょくてき,적극적
n3_1717,公平,こうへい,공평함
n3_1730,上等,じょうとう,"고급, 상등품"
n3_1735,得意,とくい,"자신 있음, 잘하는 것"
n3_1738,単純,たんじゅん,단순함
n3_1775,臭い,くさい,"냄새 나는, 구린"
n3_1778,夢中,むちゅう,"열중, 몰두"
n3_1782,最高,さいこう,최고
n3_1787,とんでもない,とんでもない,"터무니없다, 당치도 않다"
n5_0004,黒,くろ,"검정, 검은색"
n5_0025,暑い,あつい,덥다
n5_0035,寒い,さむい,춥다
n5_0049,狭い,せまい,좁다
n5_0060,厚い,あつい,두껍다
n5_0064,黒い,くろい,"검다, 까맣다"
n5_0069,速い,はやい,빠른
n5_0071,新しい,あたらしい,새로운
n5_0073,茶色,ちゃいろ,갈색
n5_0081,いい / よい,いい / よい,좋은
n5_0084,安い,やすい,싼
n5_0096,大きな,おおきな,큰
n5_0100,下手,へた,서투른
n5_0106,風邪,かぜ,감기
n5_0107,赤い,あかい,빨간
n5_0108,甘い,あまい,"단, 달콤한"
n5_0139,きれい,きれい,"예쁜, 깨끗한"
n5_0141,好き,すき,좋아함
n5_0142,静か,しずか,조용한
n5_0167,薄い,うすい,얇다
n5_0168,高い,たかい,"비싸다, 높다"
n5_0176,小さな,ちいさな,작은
n5_0183,かわいい,かわいい,귀엽다
n5_0191,暖かい,あたたかい,따뜻하다
n5_0203,温い,ぬるい,미지근하다
n5_0209,難しい,むずかしい,어렵다
n5_0212,長い,ながい,길다
n5_0223,元気,げんき,"건강함, 활기참"
n5_0242,悪い,わるい,나쁘다
n5_0243,青い,あおい,파랗다
n5_0272,欲しい,ほしい,"원하다, 갖고 싶다"
n5_0278,まずい,まずい,맛없다
n5_0280,多い,おおい,많다
n5_0300,近い,ちかい,가깝다
n5_0306,易しい,やさしい,쉽다
n5_0314,小さい,ちいさい,작다
n5_0319,広い,ひろい,넓다
n5_0324,上手,じょうず,"능숙하다, 잘하다"
n5_0349,軽い,かるい,가볍다
n5_0352,丈夫,じょうぶ,튼튼함
n5_0356,遠い,とおい,멀다
n5_0360,冷たい,つめたい,차갑다
n5_0386,重い,おもい,무겁다
n5_0388,痛い,いたい,아프다
n5_0390,りっぱ,りっぱ,훌륭하다
n5_0391,つまらない,つまらない,"지루하다, 재미없다"
n5_0393,嫌,いや,싫다
n5_0399,遅い,おそい,"늦다, 느리다"
n5_0411,短い,みじかい,짧다
n5_0415,忙しい,いそがしい,바쁘다
n5_0431,太い,ふとい,"굵다, 살찌다"
n5_0457,大きい,おおきい,크다
n5_0493,おいしい,おいしい,맛있다
n5_0498,おもしろい,おもしろい,재미있다
n5_0500,早い,はやい,"이르다, 빠르다"
n5_0501,弱い,よわい,약하다
n5_0513,煩い,うるさい,시끄럽다
n5_0523,大丈夫,だいじょうぶ,괜찮음
n5_0539,嫌い,きらい,싫어함
n5_0552,辛い,からい,매운
n5_0563,若い,わかい,젊은
n5_0576,少ない,すくない,적은
n5_0577,白い,しろい,"하얀, 흰"
n5_0589,強い,つよい,강한
n5_0592,暗い,くらい,어두운
n5_0601,丸い / 円い,まるい,둥근
n5_0611,明い,あかるい,밝다
n5_0627,黄色い,きいろい,노랗다
n5_0644,熱い,あつい,뜨겁다
n5_0659,涼しい,すずしい,시원한
29,大きい,おおきい,크다
30,小さい,ちいさい,작다
n4_138,いっぱい,いっぱい,가득
n4_156,うまい,うまい,맛있는
n4_159,うれしい,うれしい,기쁜
n4_172,おかしい,おかしい,재미있는
n4_228,悲しい,かなしい,슬픈
n4_246,簡単,かんたん,간단
n4_343,盛ん,さかん,활발
n4_446,ソフト,ソフト,소프트
n4_468,正しい,ただしい,올바른
n4_526,特別,とくべつ,특별
n4_550,苦い,にがい,쓴
n4_551,二階建て,にかいだてて,이층
n4_562,熱,ねつ,열
n4_565,眠い,ねむい,졸린
n4_633,変,へん,이상함
n4_646,まじめ,まじめ,진심
n4_667,無理,むり,무리
n4_669,珍しい,めずらしい,드문
n4_317,ご存じ,ごぞんじ,알고 계심
n4_356,残念,ざんねん,유감
n4_377,じゃま,じゃま,방해
n4_401,親切,しんせつ,친절
n4_616,複雑,ふくざつ,복잡
n4_109,浅い,あさい,얕은
n4_152,美しい,うつくしい,아름다운
n4_221,堅い,かたい,단단한
n4_257,厳しい,いかめしい,엄격한
n4_324,細かい,こまかい,미세한
n4_330,怖い,こわい,무서운
n4_347,寂しい,さびしい,외로운
n4_421,すばらしい,すばらしい,훌륭한
n4_607,ひどい,ひどい,심한
n4_615,深い,ふかい,깊은
n4_683,優しい,やさしい,부드러운
n4_689,柔らかい,やわらかい,부드러운
n4_705,よろしい,よろしい,좋다
n1_0186,貴女,あなた,당신(여성)
n1_0191,一々,いちいち,일일이
n1_0195,即座に,そくざに,"즉시, 즉각"
n1_0217,伊井,いい,이이(성씨)
n1_0237,第,だい,제~(순서를 나타내는 접두어)
n1_0303,初,はつ,"처음, 첫"
n1_0315,おおい,おおい,어이! (부를 때 내는 소리)
n1_0338,だらけ,だらけ,투성이
n1_0407,万,ばん,만물; 모든 것
n1_0425,お蔭様で,おかげさまで,덕분에
n1_0443,号,ごう,호(号)
n1_0453,公然,こうぜん,"공공연함, 공공연히"
n1_0474,さん,さん,"씨, 님"
n1_0500,がる,がる,"~해하다, ~하고 싶어하다(감정 표출)"
n1_0508,非,ひ,"비-, ~아닌(접두사)"
n1_0533,一日,いちじつ,"하루, (달의) 첫째 날"
n1_0550,七日,なぬか,"이레, 7일"
n1_0589,遅くとも,おそくとも,늦어도
n1_0608,元来,がんらい,원래; 본래
n1_0609,お大事に,おだいじに,몸조리 잘 하세요
n1_0688,畏まりました,かしこまりました,알겠습니다(공손한 표현)
n1_0871,ちらっと,ちらっと,"흘끗, 얼핏"
n1_0875,而も,しかも,"게다가, 그럼에도"
n1_0906,終始,しゅうし,"시종, 처음부터 끝까지"
n1_0917,ずるずる,ずるずる,질질(끄는 모양)
n1_0919,製,せい,"~제, ~산(만든 곳을 나타냄)"
n1_1071,沿い,ぞい,~을 따라
n1_1098,通常,つうじょう,통상; 보통
n1_1107,自ずから,おのずから,저절로; 자연히
n1_1113,近々,きんきん,조만간; 가까운 시일 내에
n1_1167,煌々と,こうこうと,"휘황찬란하게, 환하게"
n1_1201,毎,ごと,~마다
n1_1246,故,こ,"고(故), 이미 세상을 떠난"
n1_1253,次,し,"차례, 순서"
n1_1258,隔週,かくしゅう,격주
n1_1286,暫く,しばらく,"잠시, 잠깐"
n1_1320,ぶらぶら,ぶらぶら,어슬렁어슬렁; 빈둥빈둥
n1_1330,凡ゆる,あらゆる,모든
n1_1361,忽ち,たちまち,"순식간에, 금세"
n1_1375,日頃,ひごろ,평소
n1_1411,ちやほや,ちやほや,"오냐오냐 하다, 떠받들다"
n1_1413,殆ど,ほとんど,거의
n1_1427,にも拘らず,にもかかわらず,~에도 불구하고
n1_1466,かも知れない,かもしれない,~일지도 모른다
n1_1497,俺,おれ,나(남성이 쓰는 거친/친근한 1인칭)
n1_1526,各種,かくしゅ,각종
n1_1530,然しながら,しかしながら,그렇지만; 그러나
n1_1614,於,お,~에서(문어체)
n1_1622,その為,そのため,그 때문에; 그러므로
n1_1651,副,とりわけ,특히; 그중에서도
n1_1666,もろに,もろに,정통으로; 직접적으로
n1_1707,依って,よって,따라서; 그러므로
n1_1714,敢えて,あえて,"굳이, 감히"
n1_1911,その内,そのうち,"조만간, 머지않아"
n1_1932,けれど,けれど,"그렇지만, 하지만"
n1_1949,断然,だんぜん,"단연, 단호히"
n1_2010,画,かく,획
n1_2028,私,あたし,나(여성어)
n1_2040,嘸,さぞ,필시
n1_2044,一人でに,ひとりでに,저절로
n1_2073,三,み,셋(고유어 접두어)
n1_2075,於いて,おいて,~에서; ~에 있어서
n1_2089,其れでは,それでは,그러면; 그렇다면
n1_2127,的,てき,~적(인)
n1_2173,乃至,ないし,내지; 혹은
n1_2176,あっさり,あっさり,깔끔하게; 간단히
n1_2187,お目出度う,おめでとう,축하합니다
n1_2220,始めまして,はじめまして,처음 뵙겠습니다
n1_2269,がっちり,がっちり,"다부지다, 튼튼하다"
n1_2338,付き,つき,"~이 딸림, ~부착"
n1_2374,生まれつき,うまれつき,"타고난, 선천적으로"
n1_2399,丸ごと,まるごと,통째로
n1_2439,哉,や,"어조사(고어체, 감탄·의문을 나타냄)"
n1_2470,仮令,たとえ,"설령, 비록"
n1_2484,少なくとも,すくなくとも,적어도
n1_2532,様,さま,~님; 모습
n1_2549,転転,てんてん,이리저리 옮겨 다님; 전전함
n1_2577,依,い,"의함, 의거함"
n1_2584,オーケー,オーケー,"오케이, 좋음"
n1_2613,超,ちょう,"초-, 초월"
n1_2621,しいんと,しいんと,쥐 죽은 듯이 조용함
n1_2631,重,え,~겹(접미어)
n1_2660,否,いいえ,"아니오, 부정"
n1_2763,ご苦労様,ごくろうさま,수고하셨습니다(윗사람이 아랫사람에게)
n1_2769,しまった,しまった,"아차!, 아뿔싸!"
n1_2890,段々,だんだん,"점점, 차츰"
n1_2908,悉く,ことごとく,"모조리, 남김없이"
n1_2935,あら,あら,"어머, 어라 (놀람을 나타내는 감탄사)"
n1_2962,手元,てもと,"수중, 바로 곁"
n1_2964,六,む,"여섯 (훈독 표현에 쓰이는 수사, 六日・六つ 등)"
n1_2997,殊に,ことに,특히
n1_3043,泌み泌み,しみじみ,절실히; 곰곰이; 뼈저리게
n1_3084,過ぎ,すぎ,"지남, 넘음"
n1_3095,取り分,とりわけ,특히
n1_3128,日々,ひび,"나날, 매일"
n1_3177,一昨昨日,さきおととい,"그끄저께, 사흘 전"
n1_3193,久し振り,ひさしぶり,오랜만
n1_3236,一見,いちげん,"초면, 낯선 손님"
n1_3247,云々,うんぬん,"운운, 이러쿵저러쿵"
n1_3254,一頃,ひところ,"한때, 얼마 전"
n1_3334,終日,しゅうじつ,종일; 하루 종일
n1_3343,以て,もって,~로써; ~을 가지고
n1_3350,況して,まして,하물며
n1_3352,サンキュー,サンキュー,땡큐; 고마워
n1_3374,すんなり,すんなり,순조롭게; 순순히
n1_3391,矢鱈に,やたらに,"마구, 함부로"
n2_0046,着々,ちゃくちゃく,"착착, 순조롭게"
n2_0086,ごぞんじですか,ごぞんじですか,"아십니까?, 알고 계십니까?"
n2_0106,思いっ切り,おもいっきり,"마음껏, 힘껏"
n2_0111,折角,せっかく,모처럼
n2_0165,なんとも,なんとも,"정말이지, 뭐라고"
n2_0184,あひら,あひら,오리
n2_0191,しいんと,しいんと,쥐 죽은 듯 조용함
n2_0196,すくなくとも,すくなくとも,적어도
n2_0301,生き生き,いきいき,"생기 있게, 활기차게"
n2_0322,再来年,さらいねん,내후년
n2_0386,絶えず,たえず,끊임없이
n2_0395,直前,ちょくぜん,직전
n2_0407,こちらこそ,こちらこそ,저야말로
n2_0431,ミリ,みり,밀리(미터)
n2_0448,そのため,そのため,"그 때문에, 그래서"
n2_0474,おまたせしました,おまたせしました,오래 기다리셨습니다
n2_0483,そういえば,そういえば,그러고 보니
n2_0514,はじめまして,はじめまして,처음 뵙겠습니다
n2_0548,ごちそうさま,ごちそうさま,잘 먹었습니다
n2_0564,ひとりでに,ひとりでに,저절로
n2_0624,いってらっしゃい,いってらっしゃい,다녀오세요
n2_0639,一斉,いっせい,일제히
n2_0660,どきどき,どきどき,두근두근
n2_0680,そのころ,そのころ,"그 무렵, 그때"
n2_0702,イコール,イコール,"이퀄, 같음(=)"
n2_0718,うろうろ,うろうろ,"어슬렁어슬렁, 서성거림"
n2_0778,おまちください,おまちください,잠시 기다려 주십시오
n2_0783,おまちどおさま,おまちどおさま,오래 기다리셨습니다
n2_0792,さきおととい,さきおととい,그끄저께(3일 전)
n2_0834,しょうがない,しょうがない,어쩔 수 없다
n2_0972,ごくろうさま,ごくろうさま,"수고하셨습니다, 수고했어요"
n2_0994,いちいち,いちいち,"일일이, 하나하나"
n2_0995,本来,ほんらい,"본래, 원래"
n2_1049,転々,てんてん,이리저리 옮겨 다님
n2_1092,ええと,ええと,"음, 저... (말 고를 때)"
n2_1095,元々,もともと,"원래, 본래"
n2_1163,リットル,リットル,리터
n2_1296,早速,さっそく,"즉시, 바로"
n2_1320,おだいじに,おだいじに,몸조리 잘하세요
n2_1401,めっきり,めっきり,"부쩍, 현저히"
n2_1453,おかげさまで,おかげさまで,덕분에
n2_1465,いってまいります,いってまいります,다녀오겠습니다
n2_1485,まごまご,まごまご,"허둥지둥하다, 우물쭈물하다"
n2_1565,ぎっしり,ぎっしり,"빽빽이, 가득"
n2_1601,万歳,ばんざい,만세
n2_1608,余所,よそ,"다른 곳, 딴 곳"
n2_1626,直後,ちょくご,직후
n2_1629,のろのろ,のろのろ,"느릿느릿, 꾸물꾸물"
n2_1630,斜,はす,"비스듬함, 사선"
n2_1646,たちまち,たちまち,"순식간에, 금세"
n2_1651,目下,めした,"손아랫사람, 부하"
n2_1701,しみじみ,しみじみ,"절실히, 곰곰이"
n2_1827,未満,みまん,미만
n2_1828,けれど / けれども,けれど / けれども,"그러나, 하지만"
n3_0033,だが,だが,"그러나, 하지만"
n3_0040,ちょうだい,ちょうだい,"주세요, 줘"
n3_0065,のんびり,のんびり,"느긋함, 여유로움"
n3_0078,いえ,いえ,"아니요, 아니"
n3_0152,次々,つぎつぎ,"차례차례, 잇달아"
n3_0176,結局,けっきょく,결국
n3_0238,精々,せいぜい,"기껏해야, 고작"
n3_0269,全員,ぜんいん,전원
n3_0272,より,より,(실의) 꼬임
n3_0295,あらゆる,あらゆる,"모든, 온갖"
n3_0319,彼等,かれら,그들
n3_0334,陸,りく,"육지, 땅"
n3_0413,気味,きみ,"~한 기색, ~한 느낌"
n3_0419,無し,なし,없음
n3_0455,自身,じしん,"자신, 스스로"
n3_0458,二十,はたち,스무 살
n3_0517,九,きゅう,"아홉, 9"
n3_0528,キロ,キロ,킬로(그램/미터)
n3_0531,独り,ひとり,"혼자, 홀로"
n3_0542,ノー,のー,"노, 아니오(거절)"
n3_0548,じっと,じっと,"가만히, 꼼짝 않고"
n3_0559,いつか,いつか,"언젠가, 훗날"
n3_0572,旧,きゅう,"구(舊), 옛, 전(前)"
n3_0630,言わば,いわば,말하자면
n3_0758,等,など,"등, ~등등"
n3_0773,いらっしゃい,いらっしゃい,어서 오세요
n3_0783,不,ふ,부-(부정 접두어)
n3_0805,我々,われわれ,우리(들)
n3_0851,後者,こうしゃ,후자
n3_0870,ですから,ですから,"그러므로, 그래서"
n3_0906,おまえ,おまえ,"너, 자네"
n3_0912,直接,ちょくせつ,직접
n3_0928,全,ぜん,전(체)
n3_0934,あっ,あっ,아!
n3_0984,なにも,なにも,아무것도 (~않다)
n3_1067,だけど,だけど,"그렇지만, 하지만"
n3_1075,七,しち,"칠, 일곱"
n3_1079,とん,とん,톤
n3_1124,否,いや,"아니, 아니요"
n3_1171,滅多に,めったに,"좀처럼, 거의 ~않다"
n3_1193,ぼんやり,ぼんやり,"멍하니, 흐릿하게"
n3_1232,おめでとう,おめでとう,"축하해요, 축하합니다"
n3_1239,いずれ,いずれ,"조만간, 머지않아"
n3_1283,どこか,どこか,어딘가
n3_1287,四,し,"넷, 사(4)"
n3_1305,はあ,はあ,하아 (감탄사)
n3_1339,でも,でも,"그러나, 하지만"
n3_1341,ほぼ,ほぼ,거의
n3_1375,左右,さゆう,좌우
n3_1412,直に,じかに,"직접, 바로"
n3_1425,まあ,まあ,"뭐, 글쎄 (가벼운 감탄·완화 표현)"
n3_1426,普段,ふだん,"평소, 보통"
n3_1446,かもしれない,かもしれない,~일지도 모른다
n3_1464,最中,さいちゅう,"한창, ~하는 중"
n3_1473,十,じゅう,"열, 10"
n3_1474,様,よう,"모양, ~같은 것"
n3_1542,同時,どうじ,동시
n3_1572,実に,じつに,"실로, 정말"
n3_1589,よると,よると,~에 따르면
n3_1591,際,さい,"~할 때, ~즈음"
n3_1687,前者,ぜんしゃ,전자(前者)
n3_1688,主に,おもに,주로
n3_1712,違いない,ちがいない,틀림없다
n3_1780,いただきます,いただきます,잘 먹겠습니다
n3_1789,そのうち,そのうち,"조만간, 머지않아"
n3_1797,パーセント,パーセント,퍼센트
n5_0024,一月,ひとつき,한 달
n5_0028,九,きゅう / く,"아홉, 9"
n5_0037,十,じゅう  とお,"열, 10"
n5_0045,六日,むいか,6일
n5_0061,毎月,まいげつ / まいつき,매달
n5_0103,六,ろく,"여섯, 육"
n5_0105,初めて,はじめて,처음으로
n5_0150,ほか,ほか,"다른 것, 그 외"
n5_0163,キロ / キログラム,キロ / キログラム,킬로그램
n5_0165,自分,じぶん,"자기 자신, 스스로"
n5_0170,はい,はい,네
n5_0175,いいえ,いいえ,아니요
n5_0199,四,し / よん,"넷, 사(4)"
n5_0226,七,しち / なな,"칠, 일곱"
n5_0228,だんだん,だんだん,점점
n5_0250,ゼロ,ゼロ,"영, 제로"
n5_0261,それでは,それでは,"그러면, 그럼"
n5_0283,キロ / キロメートル,キロ / キロメートル,킬로미터
n5_0295,八,はち,"여덟, 8"
n5_0301,ください,ください,주세요
n5_0310,五,ご,"다섯, 5"
n5_0317,零,れい,"영, 0"
n5_0321,一人,ひとり,"한 사람, 혼자"
n5_0337,百,ひゃく,백
n5_0345,あなた,あなた,당신
n5_0346,千,せん,천
n5_0354,二十歳,はたち,스무 살
n5_0397,万,まん,만(10000)
n5_0402,でも,でも,"하지만, 그래도"
n5_0413,大勢,おおぜい,많은 사람들
n5_0441,三,さん,"삼, 셋"
n5_0447,七日,なのか,"칠 일, 7일"
n5_0450,グラム,グラム,그램
n5_0452,後,あと,"나중, 후"
n5_0458,八日,ようか,"팔 일, 8일"
n5_0461,九日,ここのか,"구 일, 9일"
n5_0469,ええ,ええ,"네, 예"
n5_0470,毎日,まいにち,매일
n5_0472,一,いち,"하나, 1"
n5_0507,水曜日,すいようび,수요일
n5_0511,土曜日,どようび,토요일
n5_0560,メートル,メートル,미터
n5_0562,半,はん,"반, ~시 반"
n5_0565,四日,よっか,"나흘, 4일"
n5_0597,日曜日,にちようび,일요일
n5_0620,いかが,いかが,"어떠세요, 어떻습니까"
n5_0624,さあ,さあ,"자, 글쎄요"
n5_0636,二,に,"둘, 2"
n5_0642,月曜日,げつようび,월요일
1,私,わたし,"나, 저"
2,あなた,あなた,당신
n4_125,以下,いか,이하
n4_126,以外,いがい,이외
n4_132,以上,いじょう,이상
n4_137,一生懸命,いっしょうけんめい,목숨 걸고 일함
n4_140,以内,いない,이내
n4_160,うん,うん,예
n4_171,おかげ,おかげ,덕분
n4_231,彼女,かのじょ,그녀
n4_238,彼,かれ,그
n4_260,君,きみ,너
n4_282,君,くん,군
n4_320,こと,こと,일
n4_323,このごろ,このごろ,요즈음
n4_346,さっき,さっき,아까
n4_371,しばらく,しばらく,잠깐
n4_451,そろそろ,そろそろ,슬슬
n4_472,例えば,たとえば,예를 들어
n4_486,ちゃん,ちゃん,여성 호칭
n4_574,倍,ばい,배
n4_580,はず,はず,할 것
n4_638,僕,ぼく,나
n4_136,一度,いちど,일단
n4_173,億,おく,일억
n4_535,どんどん,どんどん,점점
n4_619,普通,ふつう,보통
n4_546,なるべく,なるべく,가급적
n4_239,彼ら,かれら,그들
n4_294,けれど,けれど,그렇지만
n4_322,このあいだ,このあいだ,전날
n4_415,すっかり,すっかり,완전히
n4_525,特に,とくに,특히
n4_601,久しぶり,ひさしぶり,오랜만에
